title,platform,url,certificate,verified,rating,learners,duration_hours,level,topic,dataset_source
Machine Learning Specialization,Pluralsight,https://www.pluralsight.com/search?q=Machine+Learning+Specialization,True,True,4.1,4134,40,beginner,machine learning,synthetic_pfa_v1
Applied Machine Learning in Python,LinkedIn Learning,https://www.linkedin.com/learning/search?keywords=Applied+Machine+Learning+in+Python,False,False,4.4,116398,18,beginner,machine learning,synthetic_pfa_v1
ML Fundamentals: From Theory to Practice,Udemy,https://www.udemy.com/courses/search/?q=ML+Fundamentals%3A+From+Theory+to+Practice,True,True,4.0,7489,12,beginner,machine learning,synthetic_pfa_v1
Hands-On Machine Learning with Scikit-Learn,Pluralsight,https://www.pluralsight.com/search?q=Hands-On+Machine+Learning+with+Scikit-Learn,True,True,4.1,465837,16,beginner,machine learning,synthetic_pfa_v1
Machine Learning Specialization – Intermediate,DataCamp,https://www.datacamp.com/search?q=Machine+Learning+Specialization+%E2%80%93+Intermediate,True,False,4.8,6375,19,intermediate,machine learning,synthetic_pfa_v1
Applied Machine Learning in Python – Intermediate,Coursera,https://www.coursera.org/search?query=Applied+Machine+Learning+in+Python+%E2%80%93+Intermediate,True,True,3.8,5460,48,intermediate,machine learning,synthetic_pfa_v1
ML Fundamentals: From Theory to Practice – Intermediate,LinkedIn Learning,https://www.linkedin.com/learning/search?keywords=ML+Fundamentals%3A+From+Theory+to+Practice+%E2%80%93+Intermediate,True,True,4.3,13493,8,intermediate,machine learning,synthetic_pfa_v1
Hands-On Machine Learning with Scikit-Learn – Intermediate,Coursera,https://www.coursera.org/search?query=Hands-On+Machine+Learning+with+Scikit-Learn+%E2%80%93+Intermediate,True,False,4.2,4160,23,intermediate,machine learning,synthetic_pfa_v1
Machine Learning Specialization – Advanced,Udemy,https://www.udemy.com/courses/search/?q=Machine+Learning+Specialization+%E2%80%93+Advanced,True,False,5.0,31740,20,advanced,machine learning,synthetic_pfa_v1
Applied Machine Learning in Python – Advanced,edX,https://www.edx.org/search?q=Applied+Machine+Learning+in+Python+%E2%80%93+Advanced,True,True,4.9,5500,37,advanced,machine learning,synthetic_pfa_v1
ML Fundamentals: From Theory to Practice – Advanced,edX,https://www.edx.org/search?q=ML+Fundamentals%3A+From+Theory+to+Practice+%E2%80%93+Advanced,False,False,3.9,74518,20,advanced,machine learning,synthetic_pfa_v1
Hands-On Machine Learning with Scikit-Learn – Advanced,edX,https://www.edx.org/search?q=Hands-On+Machine+Learning+with+Scikit-Learn+%E2%80%93+Advanced,True,False,4.3,831,35,advanced,machine learning,synthetic_pfa_v1
Deep Learning Specialization,Coursera,https://www.coursera.org/search?query=Deep+Learning+Specialization,True,True,4.0,20099,33,beginner,deep learning,synthetic_pfa_v1
Practical Deep Learning for Coders,DataCamp,https://www.datacamp.com/search?q=Practical+Deep+Learning+for+Coders,True,False,3.8,6192,35,beginner,deep learning,synthetic_pfa_v1
Neural Networks and Deep Learning,Coursera,https://www.coursera.org/search?query=Neural+Networks+and+Deep+Learning,True,False,4.8,64686,9,beginner,deep learning,synthetic_pfa_v1
Deep Learning with PyTorch,Udemy,https://www.udemy.com/courses/search/?q=Deep+Learning+with+PyTorch,False,False,4.8,826455,40,beginner,deep learning,synthetic_pfa_v1
Deep Learning Specialization – Intermediate,Pluralsight,https://www.pluralsight.com/search?q=Deep+Learning+Specialization+%E2%80%93+Intermediate,True,False,4.1,50919,8,intermediate,deep learning,synthetic_pfa_v1
Practical Deep Learning for Coders – Intermediate,LinkedIn Learning,https://www.linkedin.com/learning/search?keywords=Practical+Deep+Learning+for+Coders+%E2%80%93+Intermediate,True,False,3.9,11895,47,intermediate,deep learning,synthetic_pfa_v1
Neural Networks and Deep Learning – Intermediate,edX,https://www.edx.org/search?q=Neural+Networks+and+Deep+Learning+%E2%80%93+Intermediate,False,False,4.5,268206,33,intermediate,deep learning,synthetic_pfa_v1
Deep Learning with PyTorch – Intermediate,edX,https://www.edx.org/search?q=Deep+Learning+with+PyTorch+%E2%80%93+Intermediate,False,False,4.5,4112,50,intermediate,deep learning,synthetic_pfa_v1
Deep Learning Specialization – Advanced,Udemy,https://www.udemy.com/courses/search/?q=Deep+Learning+Specialization+%E2%80%93+Advanced,False,False,4.1,13605,8,advanced,deep learning,synthetic_pfa_v1
Practical Deep Learning for Coders – Advanced,Pluralsight,https://www.pluralsight.com/search?q=Practical+Deep+Learning+for+Coders+%E2%80%93+Advanced,True,True,4.3,16048,53,advanced,deep learning,synthetic_pfa_v1
Neural Networks and Deep Learning – Advanced,Coursera,https://www.coursera.org/search?query=Neural+Networks+and+Deep+Learning+%E2%80%93+Advanced,True,True,4.8,2352,45,advanced,deep learning,synthetic_pfa_v1
Deep Learning with PyTorch – Advanced,edX,https://www.edx.org/search?q=Deep+Learning+with+PyTorch+%E2%80%93+Advanced,False,False,4.4,8965,23,advanced,deep learning,synthetic_pfa_v1
IBM Data Science Professional Certificate,Pluralsight,https://www.pluralsight.com/search?q=IBM+Data+Science+Professional+Certificate,True,False,4.0,278203,36,beginner,data science,synthetic_pfa_v1
Data Science Bootcamp 2024,DataCamp,https://www.datacamp.com/search?q=Data+Science+Bootcamp+2024,True,False,4.9,19172,31,beginner,data science,synthetic_pfa_v1
The Data Science Course: Complete Data Science Bootcamp,fast.ai,https://course.fast.ai/,True,False,4.2,2476,9,beginner,data science,synthetic_pfa_v1
Data Science and Machine Learning Bootcamp,DataCamp,https://www.datacamp.com/search?q=Data+Science+and+Machine+Learning+Bootcamp,False,False,4.6,82987,35,beginner,data science,synthetic_pfa_v1
IBM Data Science Professional Certificate – Intermediate,LinkedIn Learning,https://www.linkedin.com/learning/search?keywords=IBM+Data+Science+Professional+Certificate+%E2%80%93+Intermediate,True,False,4.6,2941,9,intermediate,data science,synthetic_pfa_v1
Data Science Bootcamp 2024 – Intermediate,Udemy,https://www.udemy.com/courses/search/?q=Data+Science+Bootcamp+2024+%E2%80%93+Intermediate,False,False,5.0,43388,19,intermediate,data science,synthetic_pfa_v1
The Data Science Course: Complete Data Science Bootcamp – Intermediate,DataCamp,https://www.datacamp.com/search?q=The+Data+Science+Course%3A+Complete+Data+Science+Bootcamp+%E2%80%93+Intermediate,False,False,4.2,17794,46,intermediate,data science,synthetic_pfa_v1
Data Science and Machine Learning Bootcamp – Intermediate,Pluralsight,https://www.pluralsight.com/search?q=Data+Science+and+Machine+Learning+Bootcamp+%E2%80%93+Intermediate,False,False,4.8,8977,53,intermediate,data science,synthetic_pfa_v1
IBM Data Science Professional Certificate – Advanced,Coursera,https://www.coursera.org/search?query=IBM+Data+Science+Professional+Certificate+%E2%80%93+Advanced,True,True,3.9,36562,15,advanced,data science,synthetic_pfa_v1
Data Science Bootcamp 2024 – Advanced,Coursera,https://www.coursera.org/search?query=Data+Science+Bootcamp+2024+%E2%80%93+Advanced,True,False,4.3,47410,50,advanced,data science,synthetic_pfa_v1
The Data Science Course: Complete Data Science Bootcamp – Advanced,Pluralsight,https://www.pluralsight.com/search?q=The+Data+Science+Course%3A+Complete+Data+Science+Bootcamp+%E2%80%93+Advanced,False,False,4.8,60546,9,advanced,data science,synthetic_pfa_v1
Data Science and Machine Learning Bootcamp – Advanced,Pluralsight,https://www.pluralsight.com/search?q=Data+Science+and+Machine+Learning+Bootcamp+%E2%80%93+Advanced,True,False,4.1,48441,5,advanced,data science,synthetic_pfa_v1
Statistics with Python Specialization,Coursera,https://www.coursera.org/search?query=Statistics+with+Python+Specialization,False,False,3.8,46289,29,beginner,statistics,synthetic_pfa_v1
Introduction to Probability and Statistics,LinkedIn Learning,https://www.linkedin.com/learning/search?keywords=Introduction+to+Probability+and+Statistics,True,False,4.5,20139,43,beginner,statistics,synthetic_pfa_v1
Statistics and Data Science MicroMasters,fast.ai,https://course.fast.ai/,True,False,4.2,2619,45,beginner,statistics,synthetic_pfa_v1
Bayesian Statistics: From Concept to Data Analysis,fast.ai,https://course.fast.ai/,True,True,4.6,55402,23,beginner,statistics,synthetic_pfa_v1
Statistics with Python Specialization – Intermediate,DataCamp,https://www.datacamp.com/search?q=Statistics+with+Python+Specialization+%E2%80%93+Intermediate,True,True,4.3,66679,35,intermediate,statistics,synthetic_pfa_v1
Introduction to Probability and Statistics – Intermediate,fast.ai,https://course.fast.ai/,True,True,4.3,8611,57,intermediate,statistics,synthetic_pfa_v1
Statistics and Data Science MicroMasters – Intermediate,edX,https://www.edx.org/search?q=Statistics+and+Data+Science+MicroMasters+%E2%80%93+Intermediate,True,False,3.8,70944,30,intermediate,statistics,synthetic_pfa_v1
Bayesian Statistics: From Concept to Data Analysis – Intermediate,Coursera,https://www.coursera.org/search?query=Bayesian+Statistics%3A+From+Concept+to+Data+Analysis+%E2%80%93+Intermediate,False,False,4.4,20181,43,intermediate,statistics,synthetic_pfa_v1
Statistics with Python Specialization – Advanced,fast.ai,https://course.fast.ai/,True,False,4.8,10567,5,advanced,statistics,synthetic_pfa_v1
Introduction to Probability and Statistics – Advanced,Pluralsight,https://www.pluralsight.com/search?q=Introduction+to+Probability+and+Statistics+%E2%80%93+Advanced,True,False,3.9,124806,34,advanced,statistics,synthetic_pfa_v1
Statistics and Data Science MicroMasters – Advanced,Pluralsight,https://www.pluralsight.com/search?q=Statistics+and+Data+Science+MicroMasters+%E2%80%93+Advanced,True,False,4.9,5981,5,advanced,statistics,synthetic_pfa_v1
Bayesian Statistics: From Concept to Data Analysis – Advanced,LinkedIn Learning,https://www.linkedin.com/learning/search?keywords=Bayesian+Statistics%3A+From+Concept+to+Data+Analysis+%E2%80%93+Advanced,False,False,4.0,13052,18,advanced,statistics,synthetic_pfa_v1
Complete Python Programming Bootcamp,LinkedIn Learning,https://www.linkedin.com/learning/search?keywords=Complete+Python+Programming+Bootcamp,True,True,4.2,116751,46,beginner,python programming,synthetic_pfa_v1
Python Programming for Data Scientists,edX,https://www.edx.org/search?q=Python+Programming+for+Data+Scientists,False,False,4.7,13578,47,beginner,python programming,synthetic_pfa_v1
Professional Certificate in Python Programming,LinkedIn Learning,https://www.linkedin.com/learning/search?keywords=Professional+Certificate+in+Python+Programming,False,False,4.2,1899,14,beginner,python programming,synthetic_pfa_v1
Applied Python Programming,Udemy,https://www.udemy.com/courses/search/?q=Applied+Python+Programming,True,True,4.1,151216,12,beginner,python programming,synthetic_pfa_v1
Complete Python Programming Bootcamp – Intermediate,Udemy,https://www.udemy.com/courses/search/?q=Complete+Python+Programming+Bootcamp+%E2%80%93+Intermediate,True,True,4.5,3795,35,intermediate,python programming,synthetic_pfa_v1
Python Programming for Data Scientists – Intermediate,Udemy,https://www.udemy.com/courses/search/?q=Python+Programming+for+Data+Scientists+%E2%80%93+Intermediate,False,False,4.5,3277,15,intermediate,python programming,synthetic_pfa_v1
Professional Certificate in Python Programming – Intermediate,Coursera,https://www.coursera.org/search?query=Professional+Certificate+in+Python+Programming+%E2%80%93+Intermediate,True,True,4.8,13749,18,intermediate,python programming,synthetic_pfa_v1
Applied Python Programming – Intermediate,DataCamp,https://www.datacamp.com/search?q=Applied+Python+Programming+%E2%80%93+Intermediate,False,False,4.1,11646,6,intermediate,python programming,synthetic_pfa_v1
Complete Python Programming Bootcamp – Advanced,edX,https://www.edx.org/search?q=Complete+Python+Programming+Bootcamp+%E2%80%93+Advanced,True,False,4.9,29719,7,advanced,python programming,synthetic_pfa_v1
Python Programming for Data Scientists – Advanced,fast.ai,https://course.fast.ai/,False,False,4.7,161553,10,advanced,python programming,synthetic_pfa_v1
Professional Certificate in Python Programming – Advanced,Coursera,https://www.coursera.org/search?query=Professional+Certificate+in+Python+Programming+%E2%80%93+Advanced,True,True,4.4,8337,17,advanced,python programming,synthetic_pfa_v1
Applied Python Programming – Advanced,LinkedIn Learning,https://www.linkedin.com/learning/search?keywords=Applied+Python+Programming+%E2%80%93+Advanced,True,True,4.2,16243,50,advanced,python programming,synthetic_pfa_v1
Complete Data Visualization Bootcamp,LinkedIn Learning,https://www.linkedin.com/learning/search?keywords=Complete+Data+Visualization+Bootcamp,True,False,4.2,56188,16,beginner,data visualization,synthetic_pfa_v1
Data Visualization for Data Scientists,fast.ai,https://course.fast.ai/,True,True,4.7,710,25,beginner,data visualization,synthetic_pfa_v1
Professional Certificate in Data Visualization,Coursera,https://www.coursera.org/search?query=Professional+Certificate+in+Data+Visualization,False,False,4.1,56762,44,beginner,data visualization,synthetic_pfa_v1
Applied Data Visualization,Udemy,https://www.udemy.com/courses/search/?q=Applied+Data+Visualization,True,False,4.0,68056,18,beginner,data visualization,synthetic_pfa_v1
Complete Data Visualization Bootcamp – Intermediate,DataCamp,https://www.datacamp.com/search?q=Complete+Data+Visualization+Bootcamp+%E2%80%93+Intermediate,True,True,4.9,25104,5,intermediate,data visualization,synthetic_pfa_v1
Data Visualization for Data Scientists – Intermediate,fast.ai,https://course.fast.ai/,True,False,3.8,4631,53,intermediate,data visualization,synthetic_pfa_v1
Professional Certificate in Data Visualization – Intermediate,Coursera,https://www.coursera.org/search?query=Professional+Certificate+in+Data+Visualization+%E2%80%93+Intermediate,False,False,4.3,2667,44,intermediate,data visualization,synthetic_pfa_v1
Applied Data Visualization – Intermediate,fast.ai,https://course.fast.ai/,False,False,4.6,23677,29,intermediate,data visualization,synthetic_pfa_v1
Complete Data Visualization Bootcamp – Advanced,LinkedIn Learning,https://www.linkedin.com/learning/search?keywords=Complete+Data+Visualization+Bootcamp+%E2%80%93+Advanced,True,False,4.5,3112,26,advanced,data visualization,synthetic_pfa_v1
Data Visualization for Data Scientists – Advanced,Pluralsight,https://www.pluralsight.com/search?q=Data+Visualization+for+Data+Scientists+%E2%80%93+Advanced,True,False,4.5,4795,45,advanced,data visualization,synthetic_pfa_v1
Professional Certificate in Data Visualization – Advanced,LinkedIn Learning,https://www.linkedin.com/learning/search?keywords=Professional+Certificate+in+Data+Visualization+%E2%80%93+Advanced,True,False,4.2,216327,53,advanced,data visualization,synthetic_pfa_v1
Applied Data Visualization – Advanced,Coursera,https://www.coursera.org/search?query=Applied+Data+Visualization+%E2%80%93+Advanced,True,False,3.8,4678,51,advanced,data visualization,synthetic_pfa_v1
Natural Language Processing Specialization,Udemy,https://www.udemy.com/courses/search/?q=Natural+Language+Processing+Specialization,False,False,3.9,29097,52,beginner,natural language processing,synthetic_pfa_v1
NLP with Classification and Vector Spaces,Udemy,https://www.udemy.com/courses/search/?q=NLP+with+Classification+and+Vector+Spaces,True,False,3.8,195471,20,beginner,natural language processing,synthetic_pfa_v1
Applied NLP with Python,LinkedIn Learning,https://www.linkedin.com/learning/search?keywords=Applied+NLP+with+Python,True,False,4.3,23170,57,beginner,natural language processing,synthetic_pfa_v1
Build NLP Applications with Python,LinkedIn Learning,https://www.linkedin.com/learning/search?keywords=Build+NLP+Applications+with+Python,False,False,4.4,172851,40,beginner,natural language processing,synthetic_pfa_v1
Natural Language Processing Specialization – Intermediate,Coursera,https://www.coursera.org/search?query=Natural+Language+Processing+Specialization+%E2%80%93+Intermediate,False,False,4.3,336363,38,intermediate,natural language processing,synthetic_pfa_v1
NLP with Classification and Vector Spaces – Intermediate,Udemy,https://www.udemy.com/courses/search/?q=NLP+with+Classification+and+Vector+Spaces+%E2%80%93+Intermediate,False,False,4.2,1675,49,intermediate,natural language processing,synthetic_pfa_v1
Applied NLP with Python – Intermediate,LinkedIn Learning,https://www.linkedin.com/learning/search?keywords=Applied+NLP+with+Python+%E2%80%93+Intermediate,True,True,4.0,6638,10,intermediate,natural language processing,synthetic_pfa_v1
Build NLP Applications with Python – Intermediate,fast.ai,https://course.fast.ai/,True,True,4.7,19191,31,intermediate,natural language processing,synthetic_pfa_v1
Natural Language Processing Specialization – Advanced,Coursera,https://www.coursera.org/search?query=Natural+Language+Processing+Specialization+%E2%80%93+Advanced,True,False,3.9,148573,32,advanced,natural language processing,synthetic_pfa_v1
NLP with Classification and Vector Spaces – Advanced,LinkedIn Learning,https://www.linkedin.com/learning/search?keywords=NLP+with+Classification+and+Vector+Spaces+%E2%80%93+Advanced,True,False,4.4,35313,29,advanced,natural language processing,synthetic_pfa_v1
Applied NLP with Python – Advanced,LinkedIn Learning,https://www.linkedin.com/learning/search?keywords=Applied+NLP+with+Python+%E2%80%93+Advanced,False,False,4.3,2354,35,advanced,natural language processing,synthetic_pfa_v1
Build NLP Applications with Python – Advanced,DataCamp,https://www.datacamp.com/search?q=Build+NLP+Applications+with+Python+%E2%80%93+Advanced,True,True,4.8,7719,49,advanced,natural language processing,synthetic_pfa_v1
Complete Computer Vision Bootcamp,LinkedIn Learning,https://www.linkedin.com/learning/search?keywords=Complete+Computer+Vision+Bootcamp,True,True,4.4,28153,33,beginner,computer vision,synthetic_pfa_v1
Computer Vision for Data Scientists,LinkedIn Learning,https://www.linkedin.com/learning/search?keywords=Computer+Vision+for+Data+Scientists,False,False,4.0,153248,11,beginner,computer vision,synthetic_pfa_v1
Professional Certificate in Computer Vision,fast.ai,https://course.fast.ai/,False,False,4.3,2256,6,beginner,computer vision,synthetic_pfa_v1
Applied Computer Vision,Udemy,https://www.udemy.com/courses/search/?q=Applied+Computer+Vision,True,True,3.9,9872,22,beginner,computer vision,synthetic_pfa_v1
Complete Computer Vision Bootcamp – Intermediate,fast.ai,https://course.fast.ai/,True,True,4.0,77880,23,intermediate,computer vision,synthetic_pfa_v1
Computer Vision for Data Scientists – Intermediate,Udemy,https://www.udemy.com/courses/search/?q=Computer+Vision+for+Data+Scientists+%E2%80%93+Intermediate,True,True,4.8,21314,26,intermediate,computer vision,synthetic_pfa_v1
Professional Certificate in Computer Vision – Intermediate,DataCamp,https://www.datacamp.com/search?q=Professional+Certificate+in+Computer+Vision+%E2%80%93+Intermediate,True,False,4.4,9007,25,intermediate,computer vision,synthetic_pfa_v1
Applied Computer Vision – Intermediate,fast.ai,https://course.fast.ai/,False,False,4.7,69058,36,intermediate,computer vision,synthetic_pfa_v1
Complete Computer Vision Bootcamp – Advanced,DataCamp,https://www.datacamp.com/search?q=Complete+Computer+Vision+Bootcamp+%E2%80%93+Advanced,True,True,4.7,36520,50,advanced,computer vision,synthetic_pfa_v1
Computer Vision for Data Scientists – Advanced,fast.ai,https://course.fast.ai/,True,True,4.5,37012,29,advanced,computer vision,synthetic_pfa_v1
Professional Certificate in Computer Vision – Advanced,LinkedIn Learning,https://www.linkedin.com/learning/search?keywords=Professional+Certificate+in+Computer+Vision+%E2%80%93+Advanced,True,True,4.9,122331,59,advanced,computer vision,synthetic_pfa_v1
Applied Computer Vision – Advanced,Pluralsight,https://www.pluralsight.com/search?q=Applied+Computer+Vision+%E2%80%93+Advanced,True,True,4.6,60548,45,advanced,computer vision,synthetic_pfa_v1
Complete Reinforcement Learning Bootcamp,Udemy,https://www.udemy.com/courses/search/?q=Complete+Reinforcement+Learning+Bootcamp,False,False,4.9,34342,40,beginner,reinforcement learning,synthetic_pfa_v1
Reinforcement Learning for Data Scientists,Udemy,https://www.udemy.com/courses/search/?q=Reinforcement+Learning+for+Data+Scientists,False,False,4.7,22179,46,beginner,reinforcement learning,synthetic_pfa_v1
Professional Certificate in Reinforcement Learning,Udemy,https://www.udemy.com/courses/search/?q=Professional+Certificate+in+Reinforcement+Learning,False,False,5.0,10623,57,beginner,reinforcement learning,synthetic_pfa_v1
Applied Reinforcement Learning,fast.ai,https://course.fast.ai/,True,False,4.9,10474,42,beginner,reinforcement learning,synthetic_pfa_v1
Complete Reinforcement Learning Bootcamp – Intermediate,Pluralsight,https://www.pluralsight.com/search?q=Complete+Reinforcement+Learning+Bootcamp+%E2%80%93+Intermediate,False,False,3.9,16696,59,intermediate,reinforcement learning,synthetic_pfa_v1
Reinforcement Learning for Data Scientists – Intermediate,edX,https://www.edx.org/search?q=Reinforcement+Learning+for+Data+Scientists+%E2%80%93+Intermediate,True,True,4.3,25602,15,intermediate,reinforcement learning,synthetic_pfa_v1
Professional Certificate in Reinforcement Learning – Intermediate,Udemy,https://www.udemy.com/courses/search/?q=Professional+Certificate+in+Reinforcement+Learning+%E2%80%93+Intermediate,True,True,4.2,16527,43,intermediate,reinforcement learning,synthetic_pfa_v1
Applied Reinforcement Learning – Intermediate,Coursera,https://www.coursera.org/search?query=Applied+Reinforcement+Learning+%E2%80%93+Intermediate,True,False,4.7,12373,13,intermediate,reinforcement learning,synthetic_pfa_v1
Complete Reinforcement Learning Bootcamp – Advanced,edX,https://www.edx.org/search?q=Complete+Reinforcement+Learning+Bootcamp+%E2%80%93+Advanced,True,True,4.3,57493,16,advanced,reinforcement learning,synthetic_pfa_v1
Reinforcement Learning for Data Scientists – Advanced,DataCamp,https://www.datacamp.com/search?q=Reinforcement+Learning+for+Data+Scientists+%E2%80%93+Advanced,True,False,4.4,27574,21,advanced,reinforcement learning,synthetic_pfa_v1
Professional Certificate in Reinforcement Learning – Advanced,DataCamp,https://www.datacamp.com/search?q=Professional+Certificate+in+Reinforcement+Learning+%E2%80%93+Advanced,True,True,4.5,1182985,5,advanced,reinforcement learning,synthetic_pfa_v1
Applied Reinforcement Learning – Advanced,Udemy,https://www.udemy.com/courses/search/?q=Applied+Reinforcement+Learning+%E2%80%93+Advanced,True,False,4.7,34406,40,advanced,reinforcement learning,synthetic_pfa_v1
Complete Neural Networks Bootcamp,Coursera,https://www.coursera.org/search?query=Complete+Neural+Networks+Bootcamp,True,True,4.8,22139,13,beginner,neural networks,synthetic_pfa_v1
Neural Networks for Data Scientists,fast.ai,https://course.fast.ai/,True,False,4.1,25542,56,beginner,neural networks,synthetic_pfa_v1
Professional Certificate in Neural Networks,LinkedIn Learning,https://www.linkedin.com/learning/search?keywords=Professional+Certificate+in+Neural+Networks,False,False,5.0,19653,57,beginner,neural networks,synthetic_pfa_v1
Applied Neural Networks,DataCamp,https://www.datacamp.com/search?q=Applied+Neural+Networks,False,False,5.0,67463,57,beginner,neural networks,synthetic_pfa_v1
Complete Neural Networks Bootcamp – Intermediate,edX,https://www.edx.org/search?q=Complete+Neural+Networks+Bootcamp+%E2%80%93+Intermediate,True,False,3.9,90102,23,intermediate,neural networks,synthetic_pfa_v1
Neural Networks for Data Scientists – Intermediate,LinkedIn Learning,https://www.linkedin.com/learning/search?keywords=Neural+Networks+for+Data+Scientists+%E2%80%93+Intermediate,True,True,3.9,2722,21,intermediate,neural networks,synthetic_pfa_v1
Professional Certificate in Neural Networks – Intermediate,Pluralsight,https://www.pluralsight.com/search?q=Professional+Certificate+in+Neural+Networks+%E2%80%93+Intermediate,True,True,4.4,3906,24,intermediate,neural networks,synthetic_pfa_v1
Applied Neural Networks – Intermediate,DataCamp,https://www.datacamp.com/search?q=Applied+Neural+Networks+%E2%80%93+Intermediate,True,True,5.0,35348,35,intermediate,neural networks,synthetic_pfa_v1
Complete Neural Networks Bootcamp – Advanced,fast.ai,https://course.fast.ai/,False,False,4.9,51211,57,advanced,neural networks,synthetic_pfa_v1
Neural Networks for Data Scientists – Advanced,DataCamp,https://www.datacamp.com/search?q=Neural+Networks+for+Data+Scientists+%E2%80%93+Advanced,False,False,4.6,2920,56,advanced,neural networks,synthetic_pfa_v1
Professional Certificate in Neural Networks – Advanced,edX,https://www.edx.org/search?q=Professional+Certificate+in+Neural+Networks+%E2%80%93+Advanced,True,True,4.3,14574,4,advanced,neural networks,synthetic_pfa_v1
Applied Neural Networks – Advanced,fast.ai,https://course.fast.ai/,False,False,4.1,119204,9,advanced,neural networks,synthetic_pfa_v1
Complete Feature Engineering Bootcamp,LinkedIn Learning,https://www.linkedin.com/learning/search?keywords=Complete+Feature+Engineering+Bootcamp,True,True,4.2,45796,35,beginner,feature engineering,synthetic_pfa_v1
Feature Engineering for Data Scientists,edX,https://www.edx.org/search?q=Feature+Engineering+for+Data+Scientists,True,False,4.4,83513,4,beginner,feature engineering,synthetic_pfa_v1
Professional Certificate in Feature Engineering,Coursera,https://www.coursera.org/search?query=Professional+Certificate+in+Feature+Engineering,True,True,4.8,31301,39,beginner,feature engineering,synthetic_pfa_v1
Applied Feature Engineering,Coursera,https://www.coursera.org/search?query=Applied+Feature+Engineering,True,False,4.5,45496,40,beginner,feature engineering,synthetic_pfa_v1
Complete Feature Engineering Bootcamp – Intermediate,Udemy,https://www.udemy.com/courses/search/?q=Complete+Feature+Engineering+Bootcamp+%E2%80%93+Intermediate,False,False,4.8,72133,47,intermediate,feature engineering,synthetic_pfa_v1
Feature Engineering for Data Scientists – Intermediate,DataCamp,https://www.datacamp.com/search?q=Feature+Engineering+for+Data+Scientists+%E2%80%93+Intermediate,True,False,3.8,12410,45,intermediate,feature engineering,synthetic_pfa_v1
Professional Certificate in Feature Engineering – Intermediate,DataCamp,https://www.datacamp.com/search?q=Professional+Certificate+in+Feature+Engineering+%E2%80%93+Intermediate,True,False,4.8,16766,37,intermediate,feature engineering,synthetic_pfa_v1
Applied Feature Engineering – Intermediate,edX,https://www.edx.org/search?q=Applied+Feature+Engineering+%E2%80%93+Intermediate,True,False,4.4,24883,29,intermediate,feature engineering,synthetic_pfa_v1
Complete Feature Engineering Bootcamp – Advanced,Coursera,https://www.coursera.org/search?query=Complete+Feature+Engineering+Bootcamp+%E2%80%93+Advanced,True,True,4.9,2265,8,advanced,feature engineering,synthetic_pfa_v1
Feature Engineering for Data Scientists – Advanced,Udemy,https://www.udemy.com/courses/search/?q=Feature+Engineering+for+Data+Scientists+%E2%80%93+Advanced,False,False,4.2,2594,5,advanced,feature engineering,synthetic_pfa_v1
Professional Certificate in Feature Engineering – Advanced,fast.ai,https://course.fast.ai/,True,True,4.6,12471,10,advanced,feature engineering,synthetic_pfa_v1
Applied Feature Engineering – Advanced,edX,https://www.edx.org/search?q=Applied+Feature+Engineering+%E2%80%93+Advanced,True,False,4.8,123391,19,advanced,feature engineering,synthetic_pfa_v1
Complete Time Series Analysis Bootcamp,fast.ai,https://course.fast.ai/,True,False,3.9,18817,7,beginner,time series analysis,synthetic_pfa_v1
Time Series Analysis for Data Scientists,edX,https://www.edx.org/search?q=Time+Series+Analysis+for+Data+Scientists,True,True,4.9,217350,7,beginner,time series analysis,synthetic_pfa_v1
Professional Certificate in Time Series Analysis,edX,https://www.edx.org/search?q=Professional+Certificate+in+Time+Series+Analysis,False,False,4.5,18119,7,beginner,time series analysis,synthetic_pfa_v1
Applied Time Series Analysis,Coursera,https://www.coursera.org/search?query=Applied+Time+Series+Analysis,True,True,4.2,15718,52,beginner,time series analysis,synthetic_pfa_v1
Complete Time Series Analysis Bootcamp – Intermediate,fast.ai,https://course.fast.ai/,False,False,4.5,5124,60,intermediate,time series analysis,synthetic_pfa_v1
Time Series Analysis for Data Scientists – Intermediate,Pluralsight,https://www.pluralsight.com/search?q=Time+Series+Analysis+for+Data+Scientists+%E2%80%93+Intermediate,True,False,3.9,72971,5,intermediate,time series analysis,synthetic_pfa_v1
Professional Certificate in Time Series Analysis – Intermediate,Pluralsight,https://www.pluralsight.com/search?q=Professional+Certificate+in+Time+Series+Analysis+%E2%80%93+Intermediate,False,False,4.0,1762,8,intermediate,time series analysis,synthetic_pfa_v1
Applied Time Series Analysis – Intermediate,fast.ai,https://course.fast.ai/,False,False,4.8,22822,34,intermediate,time series analysis,synthetic_pfa_v1
Complete Time Series Analysis Bootcamp – Advanced,Pluralsight,https://www.pluralsight.com/search?q=Complete+Time+Series+Analysis+Bootcamp+%E2%80%93+Advanced,True,False,4.3,848,7,advanced,time series analysis,synthetic_pfa_v1
Time Series Analysis for Data Scientists – Advanced,Pluralsight,https://www.pluralsight.com/search?q=Time+Series+Analysis+for+Data+Scientists+%E2%80%93+Advanced,True,True,4.3,319,53,advanced,time series analysis,synthetic_pfa_v1
Professional Certificate in Time Series Analysis – Advanced,DataCamp,https://www.datacamp.com/search?q=Professional+Certificate+in+Time+Series+Analysis+%E2%80%93+Advanced,False,False,4.2,11608,4,advanced,time series analysis,synthetic_pfa_v1
Applied Time Series Analysis – Advanced,Pluralsight,https://www.pluralsight.com/search?q=Applied+Time+Series+Analysis+%E2%80%93+Advanced,False,False,4.6,6639,56,advanced,time series analysis,synthetic_pfa_v1
Complete Clustering Bootcamp,fast.ai,https://course.fast.ai/,True,True,3.9,34642,8,beginner,clustering,synthetic_pfa_v1
Clustering for Data Scientists,LinkedIn Learning,https://www.linkedin.com/learning/search?keywords=Clustering+for+Data+Scientists,True,False,4.4,55653,48,beginner,clustering,synthetic_pfa_v1
Professional Certificate in Clustering,Pluralsight,https://www.pluralsight.com/search?q=Professional+Certificate+in+Clustering,True,False,4.2,13458,60,beginner,clustering,synthetic_pfa_v1
Applied Clustering,Udemy,https://www.udemy.com/courses/search/?q=Applied+Clustering,False,False,4.9,70543,33,beginner,clustering,synthetic_pfa_v1
Complete Clustering Bootcamp – Intermediate,Udemy,https://www.udemy.com/courses/search/?q=Complete+Clustering+Bootcamp+%E2%80%93+Intermediate,True,True,4.1,4154,17,intermediate,clustering,synthetic_pfa_v1
Clustering for Data Scientists – Intermediate,fast.ai,https://course.fast.ai/,False,False,5.0,15046,5,intermediate,clustering,synthetic_pfa_v1
Professional Certificate in Clustering – Intermediate,Coursera,https://www.coursera.org/search?query=Professional+Certificate+in+Clustering+%E2%80%93+Intermediate,True,True,4.0,14531,52,intermediate,clustering,synthetic_pfa_v1
Applied Clustering – Intermediate,Coursera,https://www.coursera.org/search?query=Applied+Clustering+%E2%80%93+Intermediate,False,False,4.0,10815,20,intermediate,clustering,synthetic_pfa_v1
Complete Clustering Bootcamp – Advanced,Udemy,https://www.udemy.com/courses/search/?q=Complete+Clustering+Bootcamp+%E2%80%93+Advanced,True,False,4.2,26127,5,advanced,clustering,synthetic_pfa_v1
Clustering for Data Scientists – Advanced,Coursera,https://www.coursera.org/search?query=Clustering+for+Data+Scientists+%E2%80%93+Advanced,True,False,3.8,45946,54,advanced,clustering,synthetic_pfa_v1
Professional Certificate in Clustering – Advanced,Udemy,https://www.udemy.com/courses/search/?q=Professional+Certificate+in+Clustering+%E2%80%93+Advanced,True,False,4.2,658,46,advanced,clustering,synthetic_pfa_v1
Applied Clustering – Advanced,LinkedIn Learning,https://www.linkedin.com/learning/search?keywords=Applied+Clustering+%E2%80%93+Advanced,False,False,3.9,56320,28,advanced,clustering,synthetic_pfa_v1
Complete Classification Bootcamp,edX,https://www.edx.org/search?q=Complete+Classification+Bootcamp,False,False,4.2,13382,6,beginner,classification,synthetic_pfa_v1
Classification for Data Scientists,Pluralsight,https://www.pluralsight.com/search?q=Classification+for+Data+Scientists,True,True,4.0,33988,24,beginner,classification,synthetic_pfa_v1
Professional Certificate in Classification,LinkedIn Learning,https://www.linkedin.com/learning/search?keywords=Professional+Certificate+in+Classification,False,False,4.8,9754,34,beginner,classification,synthetic_pfa_v1
Applied Classification,Pluralsight,https://www.pluralsight.com/search?q=Applied+Classification,False,False,3.9,24079,45,beginner,classification,synthetic_pfa_v1
Complete Classification Bootcamp – Intermediate,edX,https://www.edx.org/search?q=Complete+Classification+Bootcamp+%E2%80%93+Intermediate,False,False,4.4,19233,27,intermediate,classification,synthetic_pfa_v1
Classification for Data Scientists – Intermediate,LinkedIn Learning,https://www.linkedin.com/learning/search?keywords=Classification+for+Data+Scientists+%E2%80%93+Intermediate,True,True,4.4,204556,41,intermediate,classification,synthetic_pfa_v1
Professional Certificate in Classification – Intermediate,Udemy,https://www.udemy.com/courses/search/?q=Professional+Certificate+in+Classification+%E2%80%93+Intermediate,True,True,4.1,14973,60,intermediate,classification,synthetic_pfa_v1
Applied Classification – Intermediate,fast.ai,https://course.fast.ai/,True,False,4.2,25598,9,intermediate,classification,synthetic_pfa_v1
Complete Classification Bootcamp – Advanced,Pluralsight,https://www.pluralsight.com/search?q=Complete+Classification+Bootcamp+%E2%80%93+Advanced,True,False,4.2,32992,43,advanced,classification,synthetic_pfa_v1
Classification for Data Scientists – Advanced,DataCamp,https://www.datacamp.com/search?q=Classification+for+Data+Scientists+%E2%80%93+Advanced,True,False,4.4,6644,24,advanced,classification,synthetic_pfa_v1
Professional Certificate in Classification – Advanced,Coursera,https://www.coursera.org/search?query=Professional+Certificate+in+Classification+%E2%80%93+Advanced,True,False,4.0,3191,26,advanced,classification,synthetic_pfa_v1
Applied Classification – Advanced,fast.ai,https://course.fast.ai/,True,True,4.4,25090,21,advanced,classification,synthetic_pfa_v1
Complete Regression Bootcamp,Coursera,https://www.coursera.org/search?query=Complete+Regression+Bootcamp,False,False,3.9,6878,23,beginner,regression,synthetic_pfa_v1
Regression for Data Scientists,fast.ai,https://course.fast.ai/,True,False,4.7,66060,42,beginner,regression,synthetic_pfa_v1
Professional Certificate in Regression,Coursera,https://www.coursera.org/search?query=Professional+Certificate+in+Regression,True,True,4.7,9328,29,beginner,regression,synthetic_pfa_v1
Applied Regression,DataCamp,https://www.datacamp.com/search?q=Applied+Regression,False,False,4.6,74424,50,beginner,regression,synthetic_pfa_v1
Complete Regression Bootcamp – Intermediate,Udemy,https://www.udemy.com/courses/search/?q=Complete+Regression+Bootcamp+%E2%80%93+Intermediate,True,False,4.4,26642,52,intermediate,regression,synthetic_pfa_v1
Regression for Data Scientists – Intermediate,edX,https://www.edx.org/search?q=Regression+for+Data+Scientists+%E2%80%93+Intermediate,False,False,4.8,12182,53,intermediate,regression,synthetic_pfa_v1
Professional Certificate in Regression – Intermediate,DataCamp,https://www.datacamp.com/search?q=Professional+Certificate+in+Regression+%E2%80%93+Intermediate,True,True,4.1,16456,27,intermediate,regression,synthetic_pfa_v1
Applied Regression – Intermediate,edX,https://www.edx.org/search?q=Applied+Regression+%E2%80%93+Intermediate,True,False,4.9,81068,30,intermediate,regression,synthetic_pfa_v1
Complete Regression Bootcamp – Advanced,fast.ai,https://course.fast.ai/,False,False,4.7,25427,5,advanced,regression,synthetic_pfa_v1
Regression for Data Scientists – Advanced,fast.ai,https://course.fast.ai/,True,False,3.8,30094,28,advanced,regression,synthetic_pfa_v1
Professional Certificate in Regression – Advanced,Coursera,https://www.coursera.org/search?query=Professional+Certificate+in+Regression+%E2%80%93+Advanced,True,False,4.4,8957,40,advanced,regression,synthetic_pfa_v1
Applied Regression – Advanced,Coursera,https://www.coursera.org/search?query=Applied+Regression+%E2%80%93+Advanced,False,False,4.0,38072,56,advanced,regression,synthetic_pfa_v1
Complete Data Cleaning Bootcamp,Pluralsight,https://www.pluralsight.com/search?q=Complete+Data+Cleaning+Bootcamp,True,True,4.4,116258,18,beginner,data cleaning,synthetic_pfa_v1
Data Cleaning for Data Scientists,DataCamp,https://www.datacamp.com/search?q=Data+Cleaning+for+Data+Scientists,True,False,3.9,23332,59,beginner,data cleaning,synthetic_pfa_v1
Professional Certificate in Data Cleaning,Udemy,https://www.udemy.com/courses/search/?q=Professional+Certificate+in+Data+Cleaning,True,False,5.0,4268,51,beginner,data cleaning,synthetic_pfa_v1
Applied Data Cleaning,fast.ai,https://course.fast.ai/,False,False,4.0,87646,56,beginner,data cleaning,synthetic_pfa_v1
Complete Data Cleaning Bootcamp – Intermediate,LinkedIn Learning,https://www.linkedin.com/learning/search?keywords=Complete+Data+Cleaning+Bootcamp+%E2%80%93+Intermediate,True,False,4.4,1769284,41,intermediate,data cleaning,synthetic_pfa_v1
Data Cleaning for Data Scientists – Intermediate,edX,https://www.edx.org/search?q=Data+Cleaning+for+Data+Scientists+%E2%80%93+Intermediate,True,True,4.0,215335,56,intermediate,data cleaning,synthetic_pfa_v1
Professional Certificate in Data Cleaning – Intermediate,Pluralsight,https://www.pluralsight.com/search?q=Professional+Certificate+in+Data+Cleaning+%E2%80%93+Intermediate,False,False,4.2,31255,33,intermediate,data cleaning,synthetic_pfa_v1
Applied Data Cleaning – Intermediate,Coursera,https://www.coursera.org/search?query=Applied+Data+Cleaning+%E2%80%93+Intermediate,True,False,4.7,15135,49,intermediate,data cleaning,synthetic_pfa_v1
Complete Data Cleaning Bootcamp – Advanced,Pluralsight,https://www.pluralsight.com/search?q=Complete+Data+Cleaning+Bootcamp+%E2%80%93+Advanced,False,False,4.8,102644,15,advanced,data cleaning,synthetic_pfa_v1
Data Cleaning for Data Scientists – Advanced,LinkedIn Learning,https://www.linkedin.com/learning/search?keywords=Data+Cleaning+for+Data+Scientists+%E2%80%93+Advanced,False,False,4.3,9222,48,advanced,data cleaning,synthetic_pfa_v1
Professional Certificate in Data Cleaning – Advanced,Coursera,https://www.coursera.org/search?query=Professional+Certificate+in+Data+Cleaning+%E2%80%93+Advanced,True,False,4.3,99553,59,advanced,data cleaning,synthetic_pfa_v1
Applied Data Cleaning – Advanced,LinkedIn Learning,https://www.linkedin.com/learning/search?keywords=Applied+Data+Cleaning+%E2%80%93+Advanced,False,False,4.4,34875,50,advanced,data cleaning,synthetic_pfa_v1
Complete Sql For Data Science Bootcamp,Udemy,https://www.udemy.com/courses/search/?q=Complete+Sql+For+Data+Science+Bootcamp,True,True,4.9,8444,11,beginner,sql for data science,synthetic_pfa_v1
Sql For Data Science for Data Scientists,fast.ai,https://course.fast.ai/,True,False,3.9,60940,32,beginner,sql for data science,synthetic_pfa_v1
Professional Certificate in Sql For Data Science,Udemy,https://www.udemy.com/courses/search/?q=Professional+Certificate+in+Sql+For+Data+Science,False,False,4.4,19830,48,beginner,sql for data science,synthetic_pfa_v1
Applied Sql For Data Science,LinkedIn Learning,https://www.linkedin.com/learning/search?keywords=Applied+Sql+For+Data+Science,True,True,4.4,11273,16,beginner,sql for data science,synthetic_pfa_v1
Complete Sql For Data Science Bootcamp – Intermediate,Coursera,https://www.coursera.org/search?query=Complete+Sql+For+Data+Science+Bootcamp+%E2%80%93+Intermediate,False,False,4.1,41073,46,intermediate,sql for data science,synthetic_pfa_v1
Sql For Data Science for Data Scientists – Intermediate,DataCamp,https://www.datacamp.com/search?q=Sql+For+Data+Science+for+Data+Scientists+%E2%80%93+Intermediate,False,False,4.4,1881,19,intermediate,sql for data science,synthetic_pfa_v1
Professional Certificate in Sql For Data Science – Intermediate,DataCamp,https://www.datacamp.com/search?q=Professional+Certificate+in+Sql+For+Data+Science+%E2%80%93+Intermediate,False,False,4.0,5133,38,intermediate,sql for data science,synthetic_pfa_v1
Applied Sql For Data Science – Intermediate,DataCamp,https://www.datacamp.com/search?q=Applied+Sql+For+Data+Science+%E2%80%93+Intermediate,True,True,4.0,7760,15,intermediate,sql for data science,synthetic_pfa_v1
Complete Sql For Data Science Bootcamp – Advanced,LinkedIn Learning,https://www.linkedin.com/learning/search?keywords=Complete+Sql+For+Data+Science+Bootcamp+%E2%80%93+Advanced,False,False,4.4,18834,44,advanced,sql for data science,synthetic_pfa_v1
Sql For Data Science for Data Scientists – Advanced,LinkedIn Learning,https://www.linkedin.com/learning/search?keywords=Sql+For+Data+Science+for+Data+Scientists+%E2%80%93+Advanced,True,False,4.6,34857,48,advanced,sql for data science,synthetic_pfa_v1
Professional Certificate in Sql For Data Science – Advanced,Coursera,https://www.coursera.org/search?query=Professional+Certificate+in+Sql+For+Data+Science+%E2%80%93+Advanced,True,False,4.5,3410,16,advanced,sql for data science,synthetic_pfa_v1
Applied Sql For Data Science – Advanced,Udemy,https://www.udemy.com/courses/search/?q=Applied+Sql+For+Data+Science+%E2%80%93+Advanced,True,True,4.0,36109,60,advanced,sql for data science,synthetic_pfa_v1
Complete Big Data Bootcamp,LinkedIn Learning,https://www.linkedin.com/learning/search?keywords=Complete+Big+Data+Bootcamp,True,True,4.0,17271,24,beginner,big data,synthetic_pfa_v1
Big Data for Data Scientists,Pluralsight,https://www.pluralsight.com/search?q=Big+Data+for+Data+Scientists,True,True,4.0,127646,11,beginner,big data,synthetic_pfa_v1
Professional Certificate in Big Data,Coursera,https://www.coursera.org/search?query=Professional+Certificate+in+Big+Data,True,False,4.2,5405,24,beginner,big data,synthetic_pfa_v1
Applied Big Data,Udemy,https://www.udemy.com/courses/search/?q=Applied+Big+Data,True,False,4.4,40597,8,beginner,big data,synthetic_pfa_v1
Complete Big Data Bootcamp – Intermediate,edX,https://www.edx.org/search?q=Complete+Big+Data+Bootcamp+%E2%80%93+Intermediate,False,False,4.7,19642,49,intermediate,big data,synthetic_pfa_v1
Big Data for Data Scientists – Intermediate,fast.ai,https://course.fast.ai/,False,False,5.0,65413,10,intermediate,big data,synthetic_pfa_v1
Professional Certificate in Big Data – Intermediate,edX,https://www.edx.org/search?q=Professional+Certificate+in+Big+Data+%E2%80%93+Intermediate,False,False,5.0,105702,53,intermediate,big data,synthetic_pfa_v1
Applied Big Data – Intermediate,Udemy,https://www.udemy.com/courses/search/?q=Applied+Big+Data+%E2%80%93+Intermediate,False,False,4.2,443195,24,intermediate,big data,synthetic_pfa_v1
Complete Big Data Bootcamp – Advanced,DataCamp,https://www.datacamp.com/search?q=Complete+Big+Data+Bootcamp+%E2%80%93+Advanced,True,True,3.9,16833,51,advanced,big data,synthetic_pfa_v1
Big Data for Data Scientists – Advanced,Udemy,https://www.udemy.com/courses/search/?q=Big+Data+for+Data+Scientists+%E2%80%93+Advanced,False,False,3.8,47131,19,advanced,big data,synthetic_pfa_v1
Professional Certificate in Big Data – Advanced,DataCamp,https://www.datacamp.com/search?q=Professional+Certificate+in+Big+Data+%E2%80%93+Advanced,True,False,4.7,30571,27,advanced,big data,synthetic_pfa_v1
Applied Big Data – Advanced,Udemy,https://www.udemy.com/courses/search/?q=Applied+Big+Data+%E2%80%93+Advanced,False,False,4.0,331321,32,advanced,big data,synthetic_pfa_v1
Complete Cloud Computing Bootcamp,edX,https://www.edx.org/search?q=Complete+Cloud+Computing+Bootcamp,False,False,4.0,2430,6,beginner,cloud computing,synthetic_pfa_v1
Cloud Computing for Data Scientists,fast.ai,https://course.fast.ai/,True,False,5.0,37624,5,beginner,cloud computing,synthetic_pfa_v1
Professional Certificate in Cloud Computing,edX,https://www.edx.org/search?q=Professional+Certificate+in+Cloud+Computing,True,True,4.1,65085,46,beginner,cloud computing,synthetic_pfa_v1
Applied Cloud Computing,Pluralsight,https://www.pluralsight.com/search?q=Applied+Cloud+Computing,True,True,4.8,23568,44,beginner,cloud computing,synthetic_pfa_v1
Complete Cloud Computing Bootcamp – Intermediate,fast.ai,https://course.fast.ai/,True,True,4.4,6863,39,intermediate,cloud computing,synthetic_pfa_v1
Cloud Computing for Data Scientists – Intermediate,Pluralsight,https://www.pluralsight.com/search?q=Cloud+Computing+for+Data+Scientists+%E2%80%93+Intermediate,True,True,3.9,51065,50,intermediate,cloud computing,synthetic_pfa_v1
Professional Certificate in Cloud Computing – Intermediate,DataCamp,https://www.datacamp.com/search?q=Professional+Certificate+in+Cloud+Computing+%E2%80%93+Intermediate,False,False,4.0,8920,32,intermediate,cloud computing,synthetic_pfa_v1
Applied Cloud Computing – Intermediate,Udemy,https://www.udemy.com/courses/search/?q=Applied+Cloud+Computing+%E2%80%93+Intermediate,True,False,4.1,48377,27,intermediate,cloud computing,synthetic_pfa_v1
Complete Cloud Computing Bootcamp – Advanced,Udemy,https://www.udemy.com/courses/search/?q=Complete+Cloud+Computing+Bootcamp+%E2%80%93+Advanced,True,False,4.4,13236,31,advanced,cloud computing,synthetic_pfa_v1
Cloud Computing for Data Scientists – Advanced,Coursera,https://www.coursera.org/search?query=Cloud+Computing+for+Data+Scientists+%E2%80%93+Advanced,False,False,4.7,17965,23,advanced,cloud computing,synthetic_pfa_v1
Professional Certificate in Cloud Computing – Advanced,Pluralsight,https://www.pluralsight.com/search?q=Professional+Certificate+in+Cloud+Computing+%E2%80%93+Advanced,True,False,4.0,48304,33,advanced,cloud computing,synthetic_pfa_v1
Applied Cloud Computing – Advanced,edX,https://www.edx.org/search?q=Applied+Cloud+Computing+%E2%80%93+Advanced,False,False,4.3,29554,12,advanced,cloud computing,synthetic_pfa_v1
Machine Learning Engineering for Production (MLOps),DataCamp,https://www.datacamp.com/search?q=Machine+Learning+Engineering+for+Production+%28MLOps%29,True,False,4.0,12792,30,beginner,mlops,synthetic_pfa_v1
MLOps Fundamentals,DataCamp,https://www.datacamp.com/search?q=MLOps+Fundamentals,True,True,4.4,53190,30,beginner,mlops,synthetic_pfa_v1
Deploying Machine Learning Models in Production,DataCamp,https://www.datacamp.com/search?q=Deploying+Machine+Learning+Models+in+Production,True,False,4.9,59504,49,beginner,mlops,synthetic_pfa_v1
Full Stack Deep Learning,LinkedIn Learning,https://www.linkedin.com/learning/search?keywords=Full+Stack+Deep+Learning,True,False,3.9,13196,19,beginner,mlops,synthetic_pfa_v1
Machine Learning Engineering for Production (MLOps) – Intermediate,Coursera,https://www.coursera.org/search?query=Machine+Learning+Engineering+for+Production+%28MLOps%29+%E2%80%93+Intermediate,False,False,4.9,6533,5,intermediate,mlops,synthetic_pfa_v1
MLOps Fundamentals – Intermediate,LinkedIn Learning,https://www.linkedin.com/learning/search?keywords=MLOps+Fundamentals+%E2%80%93+Intermediate,True,False,4.6,7130,47,intermediate,mlops,synthetic_pfa_v1
Deploying Machine Learning Models in Production – Intermediate,Udemy,https://www.udemy.com/courses/search/?q=Deploying+Machine+Learning+Models+in+Production+%E2%80%93+Intermediate,False,False,4.5,1925154,29,intermediate,mlops,synthetic_pfa_v1
Full Stack Deep Learning – Intermediate,Pluralsight,https://www.pluralsight.com/search?q=Full+Stack+Deep+Learning+%E2%80%93+Intermediate,True,False,5.0,70256,31,intermediate,mlops,synthetic_pfa_v1
Machine Learning Engineering for Production (MLOps) – Advanced,Pluralsight,https://www.pluralsight.com/search?q=Machine+Learning+Engineering+for+Production+%28MLOps%29+%E2%80%93+Advanced,False,False,5.0,42649,23,advanced,mlops,synthetic_pfa_v1
MLOps Fundamentals – Advanced,DataCamp,https://www.datacamp.com/search?q=MLOps+Fundamentals+%E2%80%93+Advanced,True,True,4.7,2095,55,advanced,mlops,synthetic_pfa_v1
Deploying Machine Learning Models in Production – Advanced,edX,https://www.edx.org/search?q=Deploying+Machine+Learning+Models+in+Production+%E2%80%93+Advanced,True,True,4.7,138419,23,advanced,mlops,synthetic_pfa_v1
Full Stack Deep Learning – Advanced,fast.ai,https://course.fast.ai/,False,False,4.4,15328,22,advanced,mlops,synthetic_pfa_v1
Complete Explainable Ai Bootcamp,DataCamp,https://www.datacamp.com/search?q=Complete+Explainable+Ai+Bootcamp,True,True,4.0,7406,16,beginner,explainable ai,synthetic_pfa_v1
Explainable Ai for Data Scientists,Pluralsight,https://www.pluralsight.com/search?q=Explainable+Ai+for+Data+Scientists,True,True,4.9,11114,15,beginner,explainable ai,synthetic_pfa_v1
Professional Certificate in Explainable Ai,LinkedIn Learning,https://www.linkedin.com/learning/search?keywords=Professional+Certificate+in+Explainable+Ai,True,False,4.0,54199,59,beginner,explainable ai,synthetic_pfa_v1
Applied Explainable Ai,LinkedIn Learning,https://www.linkedin.com/learning/search?keywords=Applied+Explainable+Ai,True,True,4.9,1385,9,beginner,explainable ai,synthetic_pfa_v1
Complete Explainable Ai Bootcamp – Intermediate,DataCamp,https://www.datacamp.com/search?q=Complete+Explainable+Ai+Bootcamp+%E2%80%93+Intermediate,True,True,3.9,5850,52,intermediate,explainable ai,synthetic_pfa_v1
Explainable Ai for Data Scientists – Intermediate,Coursera,https://www.coursera.org/search?query=Explainable+Ai+for+Data+Scientists+%E2%80%93+Intermediate,False,False,4.1,619,28,intermediate,explainable ai,synthetic_pfa_v1
Professional Certificate in Explainable Ai – Intermediate,Pluralsight,https://www.pluralsight.com/search?q=Professional+Certificate+in+Explainable+Ai+%E2%80%93+Intermediate,True,False,5.0,19852,31,intermediate,explainable ai,synthetic_pfa_v1
Applied Explainable Ai – Intermediate,LinkedIn Learning,https://www.linkedin.com/learning/search?keywords=Applied+Explainable+Ai+%E2%80%93+Intermediate,True,True,4.9,15806,26,intermediate,explainable ai,synthetic_pfa_v1
Complete Explainable Ai Bootcamp – Advanced,Coursera,https://www.coursera.org/search?query=Complete+Explainable+Ai+Bootcamp+%E2%80%93+Advanced,True,True,4.3,141088,60,advanced,explainable ai,synthetic_pfa_v1
Explainable Ai for Data Scientists – Advanced,Pluralsight,https://www.pluralsight.com/search?q=Explainable+Ai+for+Data+Scientists+%E2%80%93+Advanced,True,False,3.9,110257,52,advanced,explainable ai,synthetic_pfa_v1
Professional Certificate in Explainable Ai – Advanced,DataCamp,https://www.datacamp.com/search?q=Professional+Certificate+in+Explainable+Ai+%E2%80%93+Advanced,False,False,4.5,48003,30,advanced,explainable ai,synthetic_pfa_v1
Applied Explainable Ai – Advanced,Udemy,https://www.udemy.com/courses/search/?q=Applied+Explainable+Ai+%E2%80%93+Advanced,True,False,3.8,6314,59,advanced,explainable ai,synthetic_pfa_v1
Complete Recommendation Systems Bootcamp,LinkedIn Learning,https://www.linkedin.com/learning/search?keywords=Complete+Recommendation+Systems+Bootcamp,True,False,4.3,34822,43,beginner,recommendation systems,synthetic_pfa_v1
Recommendation Systems for Data Scientists,DataCamp,https://www.datacamp.com/search?q=Recommendation+Systems+for+Data+Scientists,False,False,4.9,192632,46,beginner,recommendation systems,synthetic_pfa_v1
Professional Certificate in Recommendation Systems,Coursera,https://www.coursera.org/search?query=Professional+Certificate+in+Recommendation+Systems,False,False,4.7,11395,13,beginner,recommendation systems,synthetic_pfa_v1
Applied Recommendation Systems,Pluralsight,https://www.pluralsight.com/search?q=Applied+Recommendation+Systems,False,False,4.7,21898,57,beginner,recommendation systems,synthetic_pfa_v1
Complete Recommendation Systems Bootcamp – Intermediate,Pluralsight,https://www.pluralsight.com/search?q=Complete+Recommendation+Systems+Bootcamp+%E2%80%93+Intermediate,True,True,5.0,9656,11,intermediate,recommendation systems,synthetic_pfa_v1
Recommendation Systems for Data Scientists – Intermediate,Udemy,https://www.udemy.com/courses/search/?q=Recommendation+Systems+for+Data+Scientists+%E2%80%93+Intermediate,True,False,4.1,149538,9,intermediate,recommendation systems,synthetic_pfa_v1
Professional Certificate in Recommendation Systems – Intermediate,LinkedIn Learning,https://www.linkedin.com/learning/search?keywords=Professional+Certificate+in+Recommendation+Systems+%E2%80%93+Intermediate,True,True,3.8,113451,28,intermediate,recommendation systems,synthetic_pfa_v1
Applied Recommendation Systems – Intermediate,LinkedIn Learning,https://www.linkedin.com/learning/search?keywords=Applied+Recommendation+Systems+%E2%80%93+Intermediate,False,False,4.1,12148,11,intermediate,recommendation systems,synthetic_pfa_v1
Complete Recommendation Systems Bootcamp – Advanced,Udemy,https://www.udemy.com/courses/search/?q=Complete+Recommendation+Systems+Bootcamp+%E2%80%93+Advanced,False,False,4.9,43322,54,advanced,recommendation systems,synthetic_pfa_v1
Recommendation Systems for Data Scientists – Advanced,edX,https://www.edx.org/search?q=Recommendation+Systems+for+Data+Scientists+%E2%80%93+Advanced,False,False,4.8,45602,28,advanced,recommendation systems,synthetic_pfa_v1
Professional Certificate in Recommendation Systems – Advanced,LinkedIn Learning,https://www.linkedin.com/learning/search?keywords=Professional+Certificate+in+Recommendation+Systems+%E2%80%93+Advanced,True,True,4.7,9405,39,advanced,recommendation systems,synthetic_pfa_v1
Applied Recommendation Systems – Advanced,Udemy,https://www.udemy.com/courses/search/?q=Applied+Recommendation+Systems+%E2%80%93+Advanced,False,False,4.1,12024,25,advanced,recommendation systems,synthetic_pfa_v1
Complete Graph Neural Networks Bootcamp,Pluralsight,https://www.pluralsight.com/search?q=Complete+Graph+Neural+Networks+Bootcamp,True,False,4.9,44898,27,beginner,graph neural networks,synthetic_pfa_v1
Graph Neural Networks for Data Scientists,DataCamp,https://www.datacamp.com/search?q=Graph+Neural+Networks+for+Data+Scientists,True,False,4.5,40105,31,beginner,graph neural networks,synthetic_pfa_v1
Professional Certificate in Graph Neural Networks,fast.ai,https://course.fast.ai/,False,False,4.6,107911,42,beginner,graph neural networks,synthetic_pfa_v1
Applied Graph Neural Networks,Udemy,https://www.udemy.com/courses/search/?q=Applied+Graph+Neural+Networks,True,False,3.9,1675,22,beginner,graph neural networks,synthetic_pfa_v1
Complete Graph Neural Networks Bootcamp – Intermediate,LinkedIn Learning,https://www.linkedin.com/learning/search?keywords=Complete+Graph+Neural+Networks+Bootcamp+%E2%80%93+Intermediate,False,False,4.3,29902,46,intermediate,graph neural networks,synthetic_pfa_v1
Graph Neural Networks for Data Scientists – Intermediate,Coursera,https://www.coursera.org/search?query=Graph+Neural+Networks+for+Data+Scientists+%E2%80%93+Intermediate,True,False,4.5,61000,57,intermediate,graph neural networks,synthetic_pfa_v1
Professional Certificate in Graph Neural Networks – Intermediate,edX,https://www.edx.org/search?q=Professional+Certificate+in+Graph+Neural+Networks+%E2%80%93+Intermediate,False,False,4.6,1817,17,intermediate,graph neural networks,synthetic_pfa_v1
Applied Graph Neural Networks – Intermediate,fast.ai,https://course.fast.ai/,False,False,4.1,50760,56,intermediate,graph neural networks,synthetic_pfa_v1
Complete Graph Neural Networks Bootcamp – Advanced,fast.ai,https://course.fast.ai/,False,False,4.0,2904,31,advanced,graph neural networks,synthetic_pfa_v1
Graph Neural Networks for Data Scientists – Advanced,DataCamp,https://www.datacamp.com/search?q=Graph+Neural+Networks+for+Data+Scientists+%E2%80%93+Advanced,False,False,5.0,65451,37,advanced,graph neural networks,synthetic_pfa_v1
Professional Certificate in Graph Neural Networks – Advanced,edX,https://www.edx.org/search?q=Professional+Certificate+in+Graph+Neural+Networks+%E2%80%93+Advanced,False,False,4.1,25257,24,advanced,graph neural networks,synthetic_pfa_v1
Applied Graph Neural Networks – Advanced,fast.ai,https://course.fast.ai/,False,False,4.8,488746,33,advanced,graph neural networks,synthetic_pfa_v1
Complete Transformers Bootcamp,Udemy,https://www.udemy.com/courses/search/?q=Complete+Transformers+Bootcamp,True,True,4.5,16498,13,beginner,transformers,synthetic_pfa_v1
Transformers for Data Scientists,fast.ai,https://course.fast.ai/,True,False,4.7,86710,47,beginner,transformers,synthetic_pfa_v1
Professional Certificate in Transformers,DataCamp,https://www.datacamp.com/search?q=Professional+Certificate+in+Transformers,True,False,4.6,10868,7,beginner,transformers,synthetic_pfa_v1
Applied Transformers,Pluralsight,https://www.pluralsight.com/search?q=Applied+Transformers,True,True,4.3,846,19,beginner,transformers,synthetic_pfa_v1
Complete Transformers Bootcamp – Intermediate,Udemy,https://www.udemy.com/courses/search/?q=Complete+Transformers+Bootcamp+%E2%80%93+Intermediate,False,False,4.3,6265,15,intermediate,transformers,synthetic_pfa_v1
Transformers for Data Scientists – Intermediate,LinkedIn Learning,https://www.linkedin.com/learning/search?keywords=Transformers+for+Data+Scientists+%E2%80%93+Intermediate,True,False,4.3,245574,46,intermediate,transformers,synthetic_pfa_v1
Professional Certificate in Transformers – Intermediate,fast.ai,https://course.fast.ai/,True,True,4.8,9651,32,intermediate,transformers,synthetic_pfa_v1
Applied Transformers – Intermediate,Coursera,https://www.coursera.org/search?query=Applied+Transformers+%E2%80%93+Intermediate,True,True,3.9,1462,36,intermediate,transformers,synthetic_pfa_v1
Complete Transformers Bootcamp – Advanced,Pluralsight,https://www.pluralsight.com/search?q=Complete+Transformers+Bootcamp+%E2%80%93+Advanced,True,True,4.5,28490,51,advanced,transformers,synthetic_pfa_v1
Transformers for Data Scientists – Advanced,DataCamp,https://www.datacamp.com/search?q=Transformers+for+Data+Scientists+%E2%80%93+Advanced,True,True,4.4,42489,40,advanced,transformers,synthetic_pfa_v1
Professional Certificate in Transformers – Advanced,edX,https://www.edx.org/search?q=Professional+Certificate+in+Transformers+%E2%80%93+Advanced,True,True,3.9,36278,35,advanced,transformers,synthetic_pfa_v1
Applied Transformers – Advanced,fast.ai,https://course.fast.ai/,True,False,4.7,2836,15,advanced,transformers,synthetic_pfa_v1
Complete Transfer Learning Bootcamp,fast.ai,https://course.fast.ai/,True,True,4.2,33880,20,beginner,transfer learning,synthetic_pfa_v1
Transfer Learning for Data Scientists,Coursera,https://www.coursera.org/search?query=Transfer+Learning+for+Data+Scientists,False,False,4.4,10191,31,beginner,transfer learning,synthetic_pfa_v1
Professional Certificate in Transfer Learning,Coursera,https://www.coursera.org/search?query=Professional+Certificate+in+Transfer+Learning,True,True,4.1,96137,38,beginner,transfer learning,synthetic_pfa_v1
Applied Transfer Learning,Pluralsight,https://www.pluralsight.com/search?q=Applied+Transfer+Learning,True,True,4.4,24036,46,beginner,transfer learning,synthetic_pfa_v1
Complete Transfer Learning Bootcamp – Intermediate,Coursera,https://www.coursera.org/search?query=Complete+Transfer+Learning+Bootcamp+%E2%80%93+Intermediate,False,False,4.0,1012,12,intermediate,transfer learning,synthetic_pfa_v1
Transfer Learning for Data Scientists – Intermediate,Pluralsight,https://www.pluralsight.com/search?q=Transfer+Learning+for+Data+Scientists+%E2%80%93+Intermediate,True,True,4.1,14528,43,intermediate,transfer learning,synthetic_pfa_v1
Professional Certificate in Transfer Learning – Intermediate,Pluralsight,https://www.pluralsight.com/search?q=Professional+Certificate+in+Transfer+Learning+%E2%80%93+Intermediate,True,True,4.1,936,29,intermediate,transfer learning,synthetic_pfa_v1
Applied Transfer Learning – Intermediate,edX,https://www.edx.org/search?q=Applied+Transfer+Learning+%E2%80%93+Intermediate,False,False,4.6,2813,21,intermediate,transfer learning,synthetic_pfa_v1
Complete Transfer Learning Bootcamp – Advanced,LinkedIn Learning,https://www.linkedin.com/learning/search?keywords=Complete+Transfer+Learning+Bootcamp+%E2%80%93+Advanced,False,False,4.6,78012,45,advanced,transfer learning,synthetic_pfa_v1
Transfer Learning for Data Scientists – Advanced,Pluralsight,https://www.pluralsight.com/search?q=Transfer+Learning+for+Data+Scientists+%E2%80%93+Advanced,True,False,4.0,73896,54,advanced,transfer learning,synthetic_pfa_v1
Professional Certificate in Transfer Learning – Advanced,Coursera,https://www.coursera.org/search?query=Professional+Certificate+in+Transfer+Learning+%E2%80%93+Advanced,True,False,5.0,9043,38,advanced,transfer learning,synthetic_pfa_v1
Applied Transfer Learning – Advanced,Coursera,https://www.coursera.org/search?query=Applied+Transfer+Learning+%E2%80%93+Advanced,True,False,4.2,50930,55,advanced,transfer learning,synthetic_pfa_v1
