title,channel,url,views,duration_minutes,published_year,quality_score,topic,level
Machine Learning for Beginners – Full Course,Krish Naik,https://www.youtube.com/watch?v=JxgmHe2NyeY,17189,34,2019,7.28,machine learning,beginner
Understanding the Bias-Variance Tradeoff,StatQuest with Josh Starmer,https://www.youtube.com/watch?v=EuBBz3bI-aA,468219,79,2020,7.98,machine learning,beginner
Gradient Descent Explained Visually,Sentdex,https://www.youtube.com/watch?v=4b4MUYve_U8,463542,100,2021,8.66,machine learning,beginner
Complete ML Pipeline in Python,DeepMind,https://www.youtube.com/watch?v=T63afkj_qpY,1153313,26,2020,8.89,machine learning,beginner
ML Model Evaluation – Every Metric You Need,Corey Schafer,https://www.youtube.com/watch?v=0B5eIE_1vpU,113193,153,2023,9.7,machine learning,beginner
Machine Learning for Beginners – Full Course – Intermediate,Tech With Tim,https://www.youtube.com/watch?v=8xUher8-5_Q,168712,36,2020,6.66,machine learning,intermediate
Understanding the Bias-Variance Tradeoff – Intermediate,AI Explained,https://www.youtube.com/watch?v=42iIOU-nb3w,6714902,83,2024,7.69,machine learning,intermediate
Gradient Descent Explained Visually – Intermediate,DeepMind,https://www.youtube.com/watch?v=qg4PchTECck,299638,8,2023,8.36,machine learning,intermediate
Complete ML Pipeline in Python – Intermediate,AI Explained,https://www.youtube.com/watch?v=6kEGUCrBEU0,463447,148,2020,8.16,machine learning,intermediate
ML Model Evaluation – Every Metric You Need – Intermediate,The AI Epiphany,https://www.youtube.com/watch?v=XN2ymraj27g,130441,13,2021,6.72,machine learning,intermediate
Machine Learning for Beginners – Full Course – Advanced,CodeEmporium,https://www.youtube.com/watch?v=PeMlggyqz0Y,229905,112,2021,8.16,machine learning,advanced
Understanding the Bias-Variance Tradeoff – Advanced,Krish Naik,https://www.youtube.com/watch?v=BqzgUnrNhFM,56109,116,2020,8.07,machine learning,advanced
Gradient Descent Explained Visually – Advanced,Lex Fridman,https://www.youtube.com/watch?v=I2ZK3ngNvvI,17572,110,2018,7.25,machine learning,advanced
Complete ML Pipeline in Python – Advanced,DeepMind,https://www.youtube.com/watch?v=777Qb0gHuJU,294614,22,2018,9.12,machine learning,advanced
ML Model Evaluation – Every Metric You Need – Advanced,CodeEmporium,https://www.youtube.com/watch?v=6EmjRXUcARc,19006,115,2023,8.67,machine learning,advanced
Deep Learning from Scratch in Python,CodeEmporium,https://www.youtube.com/watch?v=DDSMOjlGkh8,42642,25,2021,9.77,deep learning,beginner
Building Your First Neural Network,Andrej Karpathy,https://www.youtube.com/watch?v=kCc8FmEb1nY,435755,61,2023,7.49,deep learning,beginner
Backpropagation Step by Step,freeCodeCamp.org,https://www.youtube.com/watch?v=VyWAvY2CF9c,20327,151,2018,8.97,deep learning,beginner
Deep Learning Hyperparameter Tuning,3Blue1Brown,https://www.youtube.com/watch?v=aircAruvnKk,920563,34,2023,7.37,deep learning,beginner
GPU-Accelerated Training with PyTorch,Corey Schafer,https://www.youtube.com/watch?v=ORMx45xqWkA,844886,71,2022,8.84,deep learning,beginner
Deep Learning from Scratch in Python – Intermediate,DeepMind,https://www.youtube.com/watch?v=I2ZK3ngNvvI,100417,79,2023,6.74,deep learning,intermediate
Building Your First Neural Network – Intermediate,Python Engineer,https://www.youtube.com/watch?v=ORMx45xqWkA,13642,138,2019,8.03,deep learning,intermediate
Backpropagation Step by Step – Intermediate,Sentdex,https://www.youtube.com/watch?v=Ilg3gGewQ5U,571094,84,2022,6.94,deep learning,intermediate
Deep Learning Hyperparameter Tuning – Intermediate,StatQuest with Josh Starmer,https://www.youtube.com/watch?v=fSytzGwwBVw,69425,163,2023,9.25,deep learning,intermediate
GPU-Accelerated Training with PyTorch – Intermediate,Lex Fridman,https://www.youtube.com/watch?v=YR-1fyQXK1o,349633,14,2018,7.2,deep learning,intermediate
Deep Learning from Scratch in Python – Advanced,StatQuest with Josh Starmer,https://www.youtube.com/watch?v=CqOfi41LfDw,1182,126,2018,8.94,deep learning,advanced
Building Your First Neural Network – Advanced,The AI Epiphany,https://www.youtube.com/watch?v=cAkMcPfY_Ns,10953,48,2025,8.06,deep learning,advanced
Backpropagation Step by Step – Advanced,AI Explained,https://www.youtube.com/watch?v=Ilg3gGewQ5U,101346,114,2024,7.25,deep learning,advanced
Deep Learning Hyperparameter Tuning – Advanced,Tech With Tim,https://www.youtube.com/watch?v=j0MOGKBqx7E,52432,115,2021,9.62,deep learning,advanced
GPU-Accelerated Training with PyTorch – Advanced,Nicholas Renotte,https://www.youtube.com/watch?v=Mut_u40Sqz4,414809,117,2020,6.79,deep learning,advanced
Data Science Full Course 2024,Yannic Kilcher,https://www.youtube.com/watch?v=dND-7llwrpw,1714790,15,2021,8.78,data science,beginner
Exploratory Data Analysis with Pandas,Krish Naik,https://www.youtube.com/watch?v=fHFOANOHwh8,508782,156,2018,7.59,data science,beginner
The Data Science Workflow Explained,Machine Learning Street Talk,https://www.youtube.com/watch?v=RBSUwFGa6Fk,206056,177,2023,8.36,data science,beginner
Data Science Project from Scratch,The AI Epiphany,https://www.youtube.com/watch?v=ynx48f7LhCc,1451356,145,2025,9.33,data science,beginner
Data Science Interview Prep – All Topics,Corey Schafer,https://www.youtube.com/watch?v=_P7X8tMplsw,40720,95,2022,9.29,data science,beginner
Data Science Full Course 2024 – Intermediate,Yannic Kilcher,https://www.youtube.com/watch?v=d2kxUVwWWwU,135817,111,2021,7.53,data science,intermediate
Exploratory Data Analysis with Pandas – Intermediate,DeepMind,https://www.youtube.com/watch?v=xi0vhXFPegw,13885,55,2021,9.83,data science,intermediate
The Data Science Workflow Explained – Intermediate,AI Explained,https://www.youtube.com/watch?v=Vxw0nE1qfZc,18784,171,2025,9.8,data science,intermediate
Data Science Project from Scratch – Intermediate,CodeEmporium,https://www.youtube.com/watch?v=6EmjRXUcARc,260222,152,2022,7.02,data science,intermediate
Data Science Interview Prep – All Topics – Intermediate,Python Engineer,https://www.youtube.com/watch?v=0K_eZGS5NsU,27945,33,2021,8.63,data science,intermediate
Data Science Full Course 2024 – Advanced,Data School,https://www.youtube.com/watch?v=QISvmiwOIYI,582825,75,2021,8.91,data science,advanced
Exploratory Data Analysis with Pandas – Advanced,Krish Naik,https://www.youtube.com/watch?v=dP170R-wO-8,139479,77,2025,7.91,data science,advanced
The Data Science Workflow Explained – Advanced,freeCodeCamp.org,https://www.youtube.com/watch?v=PcbuKRNtCUc,491067,140,2025,7.11,data science,advanced
Data Science Project from Scratch – Advanced,Yannic Kilcher,https://www.youtube.com/watch?v=dND-7llwrpw,1778567,88,2022,8.09,data science,advanced
Data Science Interview Prep – All Topics – Advanced,Abhishek Thakur,https://www.youtube.com/watch?v=kI4yxAL2wtM,498836,81,2025,8.42,data science,advanced
Statistics for Data Science – Full Course,Krish Naik,https://www.youtube.com/watch?v=LZzq1zSL1bs,140101,135,2022,9.41,statistics,beginner
Probability Distributions Explained,freeCodeCamp.org,https://www.youtube.com/watch?v=xxpc-HPKN28,12233,8,2022,7.44,statistics,beginner
Hypothesis Testing Made Easy,DeepMind,https://www.youtube.com/watch?v=cn4S3QqEBRg,10009,89,2025,7.94,statistics,beginner
Central Limit Theorem Visually Explained,Lex Fridman,https://www.youtube.com/watch?v=zeJD6dqJ5lo,726363,170,2019,6.84,statistics,beginner
Statistics for Data Science – Full Course – Intermediate,Two Minute Papers,https://www.youtube.com/watch?v=Lv0xcdeXaGU,9368,69,2025,7.84,statistics,intermediate
Probability Distributions Explained – Intermediate,Tech With Tim,https://www.youtube.com/watch?v=b9a27XN_6tg,131634,131,2019,10.0,statistics,intermediate
Hypothesis Testing Made Easy – Intermediate,3Blue1Brown,https://www.youtube.com/watch?v=cn4S3QqEBRg,556191,64,2021,9.31,statistics,intermediate
Bayesian vs Frequentist Statistics – Intermediate,Andrej Karpathy,https://www.youtube.com/watch?v=JxgmHe2NyeY,22136,52,2021,9.12,statistics,intermediate
Central Limit Theorem Visually Explained – Intermediate,Corey Schafer,https://www.youtube.com/watch?v=5HDTkOLHHds,1159298,65,2024,6.76,statistics,intermediate
Statistics for Data Science – Full Course – Advanced,Tech With Tim,https://www.youtube.com/watch?v=ua-CiDNNj30,28172,151,2023,6.59,statistics,advanced
Probability Distributions Explained – Advanced,Krish Naik,https://www.youtube.com/watch?v=LZzq1zSL1bs,22752,102,2024,7.86,statistics,advanced
Hypothesis Testing Made Easy – Advanced,Lex Fridman,https://www.youtube.com/watch?v=ChLO7wwt7h0,659035,99,2018,9.92,statistics,advanced
Bayesian vs Frequentist Statistics – Advanced,Andrej Karpathy,https://www.youtube.com/watch?v=JxgmHe2NyeY,561775,149,2021,9.4,statistics,advanced
Central Limit Theorem Visually Explained – Advanced,Krish Naik,https://www.youtube.com/watch?v=YAlJCEDH2uY,286995,68,2023,6.55,statistics,advanced
Python for Data Science – Crash Course,Machine Learning Street Talk,https://www.youtube.com/watch?v=0B5eIE_1vpU,2260612,15,2018,8.1,python programming,beginner
"Advanced Python – Decorators, Generators, Context Managers",CodeEmporium,https://www.youtube.com/watch?v=_ZvnD73m40o,208119,143,2022,9.98,python programming,beginner
Python OOP for Machine Learning Engineers,Corey Schafer,https://www.youtube.com/watch?v=JeznW_7DlB0,1054279,88,2024,9.05,python programming,beginner
Python Data Structures and Algorithms,3Blue1Brown,https://www.youtube.com/watch?v=g2o22C3CRfU,320193,39,2024,7.65,python programming,beginner
Python Virtual Environments & Packaging,Lex Fridman,https://www.youtube.com/watch?v=G5mtQhWNezQ,1018079,37,2022,8.45,python programming,beginner
Python for Data Science – Crash Course – Intermediate,Two Minute Papers,https://www.youtube.com/watch?v=7eh4d6sabA0,6159,97,2018,9.73,python programming,intermediate
"Advanced Python – Decorators, Generators, Context Managers – Intermediate",Data School,https://www.youtube.com/watch?v=BE-L7xu8pO4,4910772,29,2018,8.49,python programming,intermediate
Python OOP for Machine Learning Engineers – Intermediate,Krish Naik,https://www.youtube.com/watch?v=P4zmS8zm2m4,16105,178,2022,8.2,python programming,intermediate
Python Data Structures and Algorithms – Intermediate,Two Minute Papers,https://www.youtube.com/watch?v=O9v10jQkm5c,10700,151,2023,7.31,python programming,intermediate
Python Virtual Environments & Packaging – Intermediate,StatQuest with Josh Starmer,https://www.youtube.com/watch?v=HMOI_lkzW08,2798419,100,2019,8.91,python programming,intermediate
Python for Data Science – Crash Course – Advanced,The AI Epiphany,https://www.youtube.com/watch?v=SstuvS-tVc0,233972,173,2020,7.72,python programming,advanced
Python OOP for Machine Learning Engineers – Advanced,3Blue1Brown,https://www.youtube.com/watch?v=-DP1i2ZU9gk,86532,31,2024,8.76,python programming,advanced
Python Data Structures and Algorithms – Advanced,Krish Naik,https://www.youtube.com/watch?v=YT3GoxjXhIc,274249,120,2020,8.98,python programming,advanced
Python Virtual Environments & Packaging – Advanced,freeCodeCamp.org,https://www.youtube.com/watch?v=Y21OR1OPC9A,1521465,46,2023,9.67,python programming,advanced
Data Visualization with Matplotlib & Seaborn,Corey Schafer,https://www.youtube.com/watch?v=XFZRVnP-MTU,4228569,142,2019,9.4,data visualization,beginner
Interactive Dashboards with Plotly,Krish Naik,https://www.youtube.com/watch?v=GGL6U0k8WYA,172357,142,2018,9.09,data visualization,beginner
Tableau for Data Scientists,Tech With Tim,https://www.youtube.com/watch?v=Vv1GvLczcc0,359913,80,2025,8.05,data visualization,beginner
Storytelling with Data – Best Practices,The AI Epiphany,https://www.youtube.com/watch?v=r5_34YnCmMY,2658012,162,2020,9.36,data visualization,beginner
Data Visualization with Matplotlib & Seaborn – Intermediate,Corey Schafer,https://www.youtube.com/watch?v=r-uOLxNrNk8,518790,128,2020,7.5,data visualization,intermediate
Interactive Dashboards with Plotly – Intermediate,Lex Fridman,https://www.youtube.com/watch?v=hSPmj7mK6ng,79501,167,2025,7.97,data visualization,intermediate
Tableau for Data Scientists – Intermediate,Two Minute Papers,https://www.youtube.com/watch?v=n_mVK49hXB0,301574,25,2018,9.91,data visualization,intermediate
Storytelling with Data – Best Practices – Intermediate,Corey Schafer,https://www.youtube.com/watch?v=Uh2ebFW8OYM,23343,172,2020,7.68,data visualization,intermediate
Advanced Seaborn Plots Explained – Intermediate,3Blue1Brown,https://www.youtube.com/watch?v=i8NETqtGHms,65051,147,2025,7.89,data visualization,intermediate
Data Visualization with Matplotlib & Seaborn – Advanced,Nicholas Renotte,https://www.youtube.com/watch?v=OZOOLe2imFo,82524,102,2022,8.92,data visualization,advanced
Interactive Dashboards with Plotly – Advanced,Python Engineer,https://www.youtube.com/watch?v=UVA64RMHxbI,20810,98,2024,8.06,data visualization,advanced
Tableau for Data Scientists – Advanced,Abhishek Thakur,https://www.youtube.com/watch?v=Wh4sCCZjOwo,735304,153,2018,7.84,data visualization,advanced
Storytelling with Data – Best Practices – Advanced,Two Minute Papers,https://www.youtube.com/watch?v=CY1Y367KEko,161886,75,2022,8.47,data visualization,advanced
Advanced Seaborn Plots Explained – Advanced,Corey Schafer,https://www.youtube.com/watch?v=6GUZXDef2U0,1181870,82,2022,8.42,data visualization,advanced
NLP with Python – Complete Tutorial,AI Explained,https://www.youtube.com/watch?v=ygXn5nV5qFc,259269,41,2019,9.94,natural language processing,beginner
Text Classification with BERT,The AI Epiphany,https://www.youtube.com/watch?v=omuuEbcwm7s,2056,171,2020,9.23,natural language processing,beginner
Building a Chatbot from Scratch,The AI Epiphany,https://www.youtube.com/watch?v=yaG70VotukE,15604,40,2022,8.43,natural language processing,beginner
Tokenization and Embeddings Explained,StatQuest with Josh Starmer,https://www.youtube.com/watch?v=viZrOnJclY0,576406,154,2024,7.24,natural language processing,beginner
Named Entity Recognition with spaCy,Two Minute Papers,https://www.youtube.com/watch?v=puCfvD09ZCw,108903,163,2020,7.21,natural language processing,beginner
NLP with Python – Complete Tutorial – Intermediate,Lex Fridman,https://www.youtube.com/watch?v=I2ZK3ngNvvI,45894,127,2025,9.99,natural language processing,intermediate
Text Classification with BERT – Intermediate,Yannic Kilcher,https://www.youtube.com/watch?v=-9evrZnBorM,45516,19,2024,7.91,natural language processing,intermediate
Building a Chatbot from Scratch – Intermediate,Krish Naik,https://www.youtube.com/watch?v=HCSPIH3I-vc,27588,101,2020,7.69,natural language processing,intermediate
Tokenization and Embeddings Explained – Intermediate,Machine Learning Street Talk,https://www.youtube.com/watch?v=my5wFNQpFO0,58356,84,2023,8.66,natural language processing,intermediate
NLP with Python – Complete Tutorial – Advanced,StatQuest with Josh Starmer,https://www.youtube.com/watch?v=viZrOnJclY0,114913,60,2024,7.95,natural language processing,advanced
Text Classification with BERT – Advanced,Two Minute Papers,https://www.youtube.com/watch?v=NC9nTxn6aos,121002,172,2022,8.41,natural language processing,advanced
Building a Chatbot from Scratch – Advanced,Tech With Tim,https://www.youtube.com/watch?v=bTMPwUgLZf0,3866213,81,2019,9.03,natural language processing,advanced
Tokenization and Embeddings Explained – Advanced,freeCodeCamp.org,https://www.youtube.com/watch?v=JEBDfGqrAUA,479100,77,2022,9.4,natural language processing,advanced
Named Entity Recognition with spaCy – Advanced,Andrej Karpathy,https://www.youtube.com/watch?v=QZV6f2TI27w,1948075,129,2025,9.77,natural language processing,advanced
Computer Vision with OpenCV – Full Course,Two Minute Papers,https://www.youtube.com/watch?v=puB-4LuRNys,28712,17,2024,9.77,computer vision,beginner
Object Detection with YOLOv8,AI Explained,https://www.youtube.com/watch?v=ag3DLKsl2vk,345746,137,2025,6.97,computer vision,beginner
Image Segmentation Explained,Machine Learning Street Talk,https://www.youtube.com/watch?v=5QUmlXBb0MY,1647182,179,2019,6.8,computer vision,beginner
CNNs for Image Classification,Tech With Tim,https://www.youtube.com/watch?v=dwukLOPpaHw,329460,86,2020,6.91,computer vision,beginner
Real-Time Face Recognition in Python,Andrej Karpathy,https://www.youtube.com/watch?v=I2ZK3ngNvvI,37996,145,2021,9.69,computer vision,beginner
Computer Vision with OpenCV – Full Course – Intermediate,DeepMind,https://www.youtube.com/watch?v=01sAkU_NvOY,218253,141,2025,7.65,computer vision,intermediate
Object Detection with YOLOv8 – Intermediate,Data School,https://www.youtube.com/watch?v=hHyHmOtmEgs,578530,63,2019,9.36,computer vision,intermediate
Image Segmentation Explained – Intermediate,Python Engineer,https://www.youtube.com/watch?v=5QUmlXBb0MY,3090,104,2024,8.07,computer vision,intermediate
CNNs for Image Classification – Intermediate,StatQuest with Josh Starmer,https://www.youtube.com/watch?v=QzY57FaENXg,3461608,116,2024,9.02,computer vision,intermediate
Real-Time Face Recognition in Python – Intermediate,StatQuest with Josh Starmer,https://www.youtube.com/watch?v=HGwBXDKFk9I,62693,122,2018,8.58,computer vision,intermediate
Computer Vision with OpenCV – Full Course – Advanced,CodeEmporium,https://www.youtube.com/watch?v=ag3DLKsl2vk,454037,85,2020,7.62,computer vision,advanced
Object Detection with YOLOv8 – Advanced,Tech With Tim,https://www.youtube.com/watch?v=ag3DLKsl2vk,686524,46,2022,7.96,computer vision,advanced
Image Segmentation Explained – Advanced,Andrej Karpathy,https://www.youtube.com/watch?v=yCC09vCHzF8,97355,28,2025,7.66,computer vision,advanced
CNNs for Image Classification – Advanced,AI Explained,https://www.youtube.com/watch?v=QzY57FaENXg,47700,85,2018,9.67,computer vision,advanced
Real-Time Face Recognition in Python – Advanced,Data School,https://www.youtube.com/watch?v=mPZdL2xGI_g,67642,74,2023,7.76,computer vision,advanced
Reinforcement Learning from Scratch,Andrej Karpathy,https://www.youtube.com/watch?v=36OBX5lQjGc,455773,58,2023,7.53,reinforcement learning,beginner
Q-Learning Explained Simply,Tech With Tim,https://www.youtube.com/watch?v=q5HiD5PNuck,2814,146,2018,8.21,reinforcement learning,beginner
Deep Q-Network (DQN) Tutorial,Abhishek Thakur,https://www.youtube.com/watch?v=dF9Wbw6CBKg,52135,165,2025,8.83,reinforcement learning,beginner
Policy Gradient Methods – Step by Step,Two Minute Papers,https://www.youtube.com/watch?v=KHZVXao4qXs,36651,98,2022,8.34,reinforcement learning,beginner
RL in Game Playing Agents,3Blue1Brown,https://www.youtube.com/watch?v=vXtfdGphr3c,17207,22,2018,8.43,reinforcement learning,beginner
Reinforcement Learning from Scratch – Intermediate,CodeEmporium,https://www.youtube.com/watch?v=9JZID-h6ZJ0,149019,79,2018,6.76,reinforcement learning,intermediate
Q-Learning Explained Simply – Intermediate,Nicholas Renotte,https://www.youtube.com/watch?v=Mut_u40Sqz4,610533,43,2019,7.84,reinforcement learning,intermediate
Deep Q-Network (DQN) Tutorial – Intermediate,freeCodeCamp.org,https://www.youtube.com/watch?v=GJJc1t0rtSU,956106,149,2024,7.3,reinforcement learning,intermediate
Policy Gradient Methods – Step by Step – Intermediate,Nicholas Renotte,https://www.youtube.com/watch?v=Mut_u40Sqz4,80499,86,2025,6.52,reinforcement learning,intermediate
RL in Game Playing Agents – Intermediate,Corey Schafer,https://www.youtube.com/watch?v=ORMx45xqWkA,42653,151,2021,9.04,reinforcement learning,intermediate
Reinforcement Learning from Scratch – Advanced,freeCodeCamp.org,https://www.youtube.com/watch?v=K2qjAixgLqk,156753,42,2022,8.1,reinforcement learning,advanced
Q-Learning Explained Simply – Advanced,Machine Learning Street Talk,https://www.youtube.com/watch?v=PeMlggyqz0Y,1574945,133,2021,8.93,reinforcement learning,advanced
Deep Q-Network (DQN) Tutorial – Advanced,DeepMind,https://www.youtube.com/watch?v=XD0g2iBC80k,120816,112,2025,8.92,reinforcement learning,advanced
Policy Gradient Methods – Step by Step – Advanced,Python Engineer,https://www.youtube.com/watch?v=Uwlkiwjy-sg,332883,145,2019,7.76,reinforcement learning,advanced
RL in Game Playing Agents – Advanced,Krish Naik,https://www.youtube.com/watch?v=36OBX5lQjGc,175628,155,2021,8.53,reinforcement learning,advanced
Neural Networks – Complete Beginner Guide,Andrej Karpathy,https://www.youtube.com/watch?v=VMj-3S1tku0,73706,141,2025,9.24,neural networks,beginner
Mastering Neural Networks in 2024,Lex Fridman,https://www.youtube.com/watch?v=I2ZK3ngNvvI,183958,117,2025,7.66,neural networks,beginner
Neural Networks – Intermediate Concepts,DeepMind,https://www.youtube.com/watch?v=2v0RQntQBng,12491,155,2019,9.29,neural networks,beginner
Advanced Neural Networks Techniques,Krish Naik,https://www.youtube.com/watch?v=d2kxUVwWWwU,5554,180,2022,8.66,neural networks,beginner
Neural Networks – Project Walkthrough,Python Engineer,https://www.youtube.com/watch?v=cAkMcPfY_Ns,8450,173,2020,8.93,neural networks,beginner
Neural Networks – Complete Beginner Guide – Intermediate,The AI Epiphany,https://www.youtube.com/watch?v=7q_OJvQQ7vY,395873,121,2025,8.22,neural networks,intermediate
Neural Networks – Intermediate Concepts – Intermediate,Lex Fridman,https://www.youtube.com/watch?v=I2ZK3ngNvvI,3663,164,2024,8.91,neural networks,intermediate
Advanced Neural Networks Techniques – Intermediate,freeCodeCamp.org,https://www.youtube.com/watch?v=i_LwzRVP7bg,3979065,32,2020,9.65,neural networks,intermediate
Neural Networks – Project Walkthrough – Intermediate,Nicholas Renotte,https://www.youtube.com/watch?v=doDUihpj6ro,149404,114,2024,7.44,neural networks,intermediate
Neural Networks – Complete Beginner Guide – Advanced,Sentdex,https://www.youtube.com/watch?v=ORMx45xqWkA,702988,99,2019,8.82,neural networks,advanced
Mastering Neural Networks in 2024 – Advanced,3Blue1Brown,https://www.youtube.com/watch?v=aircAruvnKk,725,31,2023,9.57,neural networks,advanced
Neural Networks – Intermediate Concepts – Advanced,Yannic Kilcher,https://www.youtube.com/watch?v=dND-7llwrpw,4610,121,2018,8.32,neural networks,advanced
Advanced Neural Networks Techniques – Advanced,Data School,https://www.youtube.com/watch?v=7mWCscJVoCI,443304,44,2019,9.98,neural networks,advanced
Neural Networks – Project Walkthrough – Advanced,Krish Naik,https://www.youtube.com/watch?v=d2kxUVwWWwU,39790,97,2024,9.06,neural networks,advanced
Feature Engineering for Machine Learning,Data School,https://www.youtube.com/watch?v=xhiqLYx3R08,12442,108,2022,7.16,feature engineering,beginner
Handling Missing Data Like a Pro,Corey Schafer,https://www.youtube.com/watch?v=KdmPHEnPJPs,235558,128,2019,8.89,feature engineering,beginner
Categorical Encoding Techniques,Sentdex,https://www.youtube.com/watch?v=hl3bQySs8sM,461817,29,2022,7.03,feature engineering,beginner
Feature Selection Methods Compared,Lex Fridman,https://www.youtube.com/watch?v=I2ZK3ngNvvI,107879,87,2020,8.63,feature engineering,beginner
Building Automated Feature Pipelines,freeCodeCamp.org,https://www.youtube.com/watch?v=_ZvnD73m40o,402801,93,2024,9.65,feature engineering,beginner
Feature Engineering for Machine Learning – Intermediate,Krish Naik,https://www.youtube.com/watch?v=xhB-dmKmzRk,10335492,138,2018,6.9,feature engineering,intermediate
Handling Missing Data Like a Pro – Intermediate,Python Engineer,https://www.youtube.com/watch?v=HGOBQPFzWKo,46288,89,2022,9.71,feature engineering,intermediate
Categorical Encoding Techniques – Intermediate,Data School,https://www.youtube.com/watch?v=G2iVj7WKDFk,43223,59,2022,6.53,feature engineering,intermediate
Feature Selection Methods Compared – Intermediate,StatQuest with Josh Starmer,https://www.youtube.com/watch?v=yIYKR4sgzI8,240756,10,2023,8.93,feature engineering,intermediate
Building Automated Feature Pipelines – Intermediate,Sentdex,https://www.youtube.com/watch?v=WvoLTXIjBYU,21242,113,2023,9.46,feature engineering,intermediate
Feature Engineering for Machine Learning – Advanced,Corey Schafer,https://www.youtube.com/watch?v=GduT2ZCc26E,1808495,91,2023,9.41,feature engineering,advanced
Handling Missing Data Like a Pro – Advanced,DeepMind,https://www.youtube.com/watch?v=1nd0CbaJD3E,119681,31,2020,9.48,feature engineering,advanced
Categorical Encoding Techniques – Advanced,Data School,https://www.youtube.com/watch?v=G2iVj7WKDFk,10924,148,2021,8.08,feature engineering,advanced
Feature Selection Methods Compared – Advanced,Sentdex,https://www.youtube.com/watch?v=y6gkJB5Pwmc,238253,13,2019,9.34,feature engineering,advanced
Building Automated Feature Pipelines – Advanced,Nicholas Renotte,https://www.youtube.com/watch?v=jztwpsIzEGc,159287,98,2021,7.99,feature engineering,advanced
Time Series Forecasting with Python,Nicholas Renotte,https://www.youtube.com/watch?v=KvLG1uTC-KU,34379,142,2021,9.6,time series analysis,beginner
ARIMA Model Explained,Two Minute Papers,https://www.youtube.com/watch?v=-_2wOrEuFaM,3203,99,2021,8.15,time series analysis,beginner
Prophet for Time Series – Full Tutorial,Tech With Tim,https://www.youtube.com/watch?v=fxx_E0ojKrc,37556,99,2018,7.61,time series analysis,beginner
LSTM for Time Series Prediction,3Blue1Brown,https://www.youtube.com/watch?v=b61DPVFX03I,50294,8,2023,8.34,time series analysis,beginner
Anomaly Detection in Time Series,The AI Epiphany,https://www.youtube.com/watch?v=jwZQD0Cqz4o,109264,42,2020,7.56,time series analysis,beginner
Time Series Forecasting with Python – Intermediate,Two Minute Papers,https://www.youtube.com/watch?v=GE3JOFwTWVM,33905,53,2018,7.53,time series analysis,intermediate
Prophet for Time Series – Full Tutorial – Intermediate,AI Explained,https://www.youtube.com/watch?v=GE3JOFwTWVM,13382,155,2021,9.26,time series analysis,intermediate
LSTM for Time Series Prediction – Intermediate,Sentdex,https://www.youtube.com/watch?v=S8tpSG6Q2H0,82429,119,2020,8.63,time series analysis,intermediate
Anomaly Detection in Time Series – Intermediate,AI Explained,https://www.youtube.com/watch?v=GE3JOFwTWVM,645417,117,2019,7.76,time series analysis,intermediate
Time Series Forecasting with Python – Advanced,Yannic Kilcher,https://www.youtube.com/watch?v=2h4tRsQzipQ,1028219,107,2020,8.75,time series analysis,advanced
ARIMA Model Explained – Advanced,Tech With Tim,https://www.youtube.com/watch?v=fxx_E0ojKrc,988918,66,2018,9.15,time series analysis,advanced
Prophet for Time Series – Full Tutorial – Advanced,The AI Epiphany,https://www.youtube.com/watch?v=j0eioK5edqg,269879,166,2020,8.5,time series analysis,advanced
LSTM for Time Series Prediction – Advanced,Andrej Karpathy,https://www.youtube.com/watch?v=yCC09vCHzF8,762761,25,2019,9.69,time series analysis,advanced
Anomaly Detection in Time Series – Advanced,Andrej Karpathy,https://www.youtube.com/watch?v=NGzQpphf_Vc,281393,33,2019,9.88,time series analysis,advanced
K-Means Clustering Explained,Andrej Karpathy,https://www.youtube.com/watch?v=7xTGNNLPyMI,580155,109,2023,7.91,clustering,beginner
Hierarchical Clustering from Scratch,Lex Fridman,https://www.youtube.com/watch?v=v7oLMvcxgFY,53069,114,2019,7.44,clustering,beginner
DBSCAN – Density-Based Clustering,Andrej Karpathy,https://www.youtube.com/watch?v=gs9E7E0qOIc,1230839,52,2021,8.49,clustering,beginner
Dimensionality Reduction for Clustering,StatQuest with Josh Starmer,https://www.youtube.com/watch?v=HMOI_lkzW08,28796,129,2023,8.06,clustering,beginner
Customer Segmentation with Python,Lex Fridman,https://www.youtube.com/watch?v=cLLsc4Hlo-8,374794,13,2018,7.93,clustering,beginner
K-Means Clustering Explained – Intermediate,Tech With Tim,https://www.youtube.com/watch?v=5FpsGnkbEpM,135951,141,2024,7.56,clustering,intermediate
Hierarchical Clustering from Scratch – Intermediate,freeCodeCamp.org,https://www.youtube.com/watch?v=PcbuKRNtCUc,5297456,174,2022,7.41,clustering,intermediate
DBSCAN – Density-Based Clustering – Intermediate,Data School,https://www.youtube.com/watch?v=RDZUdRSDOok,39354,17,2021,7.86,clustering,intermediate
Dimensionality Reduction for Clustering – Intermediate,Data School,https://www.youtube.com/watch?v=6tfccaoy34w,2163,54,2023,9.17,clustering,intermediate
Customer Segmentation with Python – Intermediate,CodeEmporium,https://www.youtube.com/watch?v=6EmjRXUcARc,336517,57,2019,8.15,clustering,intermediate
K-Means Clustering Explained – Advanced,Corey Schafer,https://www.youtube.com/watch?v=HGOBQPFzWKo,741917,93,2020,6.78,clustering,advanced
Hierarchical Clustering from Scratch – Advanced,Python Engineer,https://www.youtube.com/watch?v=QKduWWYC0rA,107361,103,2018,7.2,clustering,advanced
DBSCAN – Density-Based Clustering – Advanced,Data School,https://www.youtube.com/watch?v=RDZUdRSDOok,61308,160,2023,9.05,clustering,advanced
Dimensionality Reduction for Clustering – Advanced,Andrej Karpathy,https://www.youtube.com/watch?v=hZ4a4NgM3u0,165732,17,2024,8.99,clustering,advanced
Customer Segmentation with Python – Advanced,AI Explained,https://www.youtube.com/watch?v=R5dzepQCQ40,9455,169,2018,7.22,clustering,advanced
Classification – Complete Beginner Guide,Krish Naik,https://www.youtube.com/watch?v=JxgmHe2NyeY,159557,141,2021,9.22,classification,beginner
Mastering Classification in 2024,CodeEmporium,https://www.youtube.com/watch?v=s-V7gKrsels,321765,138,2019,6.82,classification,beginner
Classification – Intermediate Concepts,Corey Schafer,https://www.youtube.com/watch?v=ZDa-Z5JzLYM,122124,19,2018,9.48,classification,beginner
Advanced Classification Techniques,Abhishek Thakur,https://www.youtube.com/watch?v=8J5Q4mEzRtY,45505,115,2020,9.48,classification,beginner
Classification – Project Walkthrough,Tech With Tim,https://www.youtube.com/watch?v=XZdY15sHUa8,2624165,41,2025,9.58,classification,beginner
Classification – Complete Beginner Guide – Intermediate,Corey Schafer,https://www.youtube.com/watch?v=sa-TUpSx1JA,200827,118,2021,8.66,classification,intermediate
Mastering Classification in 2024 – Intermediate,Yannic Kilcher,https://www.youtube.com/watch?v=VrEQBlEVri0,156725,20,2021,9.9,classification,intermediate
Classification – Intermediate Concepts – Intermediate,StatQuest with Josh Starmer,https://www.youtube.com/watch?v=_L39rN6gz7Y,15995,8,2019,8.45,classification,intermediate
Advanced Classification Techniques – Intermediate,Corey Schafer,https://www.youtube.com/watch?v=sa-TUpSx1JA,280060,176,2023,8.16,classification,intermediate
Classification – Project Walkthrough – Intermediate,Two Minute Papers,https://www.youtube.com/watch?v=gs9E7E0qOIc,140654,112,2019,9.1,classification,intermediate
Classification – Complete Beginner Guide – Advanced,CodeEmporium,https://www.youtube.com/watch?v=i8NETqtGHms,114004,135,2018,8.26,classification,advanced
Mastering Classification in 2024 – Advanced,Nicholas Renotte,https://www.youtube.com/watch?v=yqkISICHH-U,641972,106,2024,7.63,classification,advanced
Classification – Intermediate Concepts – Advanced,Data School,https://www.youtube.com/watch?v=K9teElePNkk,2198097,149,2021,7.6,classification,advanced
Advanced Classification Techniques – Advanced,Krish Naik,https://www.youtube.com/watch?v=JxgmHe2NyeY,1256798,178,2024,8.54,classification,advanced
Classification – Project Walkthrough – Advanced,Two Minute Papers,https://www.youtube.com/watch?v=gs9E7E0qOIc,554425,99,2025,8.39,classification,advanced
Linear Regression from Scratch,Nicholas Renotte,https://www.youtube.com/watch?v=Souzjv6WfrY,1750103,11,2022,8.43,regression,beginner
"Regularization: Ridge, Lasso, ElasticNet",DeepMind,https://www.youtube.com/watch?v=Q81RR3yKn30,68974,55,2020,8.89,regression,beginner
Polynomial Regression Explained,Corey Schafer,https://www.youtube.com/watch?v=ivl5-snqul8,706869,177,2022,8.69,regression,beginner
Logistic Regression Deep Dive,Sentdex,https://www.youtube.com/watch?v=4b4MUYve_U8,1936,92,2023,8.82,regression,beginner
Regression with Scikit-Learn – Full Guide,Machine Learning Street Talk,https://www.youtube.com/watch?v=I2ZK3ngNvvI,1381891,37,2024,9.29,regression,beginner
Linear Regression from Scratch – Intermediate,Sentdex,https://www.youtube.com/watch?v=VmbA0pi2cRQ,4820378,24,2021,6.53,regression,intermediate
"Regularization: Ridge, Lasso, ElasticNet – Intermediate",Andrej Karpathy,https://www.youtube.com/watch?v=yIYKR4sgzI8,37165,66,2022,6.75,regression,intermediate
Polynomial Regression Explained – Intermediate,Sentdex,https://www.youtube.com/watch?v=VmbA0pi2cRQ,60958,85,2019,7.51,regression,intermediate
Logistic Regression Deep Dive – Intermediate,Andrej Karpathy,https://www.youtube.com/watch?v=I2ZK3ngNvvI,245677,29,2022,8.42,regression,intermediate
Regression with Scikit-Learn – Full Guide – Intermediate,CodeEmporium,https://www.youtube.com/watch?v=R2Zb5s_RrDU,121162,25,2022,7.52,regression,intermediate
Linear Regression from Scratch – Advanced,Machine Learning Street Talk,https://www.youtube.com/watch?v=I2ZK3ngNvvI,969347,153,2023,7.03,regression,advanced
Logistic Regression Deep Dive – Advanced,Abhishek Thakur,https://www.youtube.com/watch?v=RACzUOs4hW0,163445,10,2021,7.77,regression,advanced
Regression with Scikit-Learn – Full Guide – Advanced,Yannic Kilcher,https://www.youtube.com/watch?v=_8KNb5iqblE,523217,67,2018,7.43,regression,advanced
Data Cleaning – Complete Beginner Guide,freeCodeCamp.org,https://www.youtube.com/watch?v=r-uOLxNrNk8,774245,52,2024,8.41,data cleaning,beginner
Mastering Data Cleaning in 2024,Yannic Kilcher,https://www.youtube.com/watch?v=Ag1bw8MfHGQ,1690029,139,2022,7.3,data cleaning,beginner
Data Cleaning – Intermediate Concepts,Two Minute Papers,https://www.youtube.com/watch?v=oT4emh72fuA,383720,40,2020,7.35,data cleaning,beginner
Advanced Data Cleaning Techniques,Data School,https://www.youtube.com/watch?v=jxq4-KSB_OA,1154087,128,2025,8.62,data cleaning,beginner
Data Cleaning – Project Walkthrough,CodeEmporium,https://www.youtube.com/watch?v=CmVYGW5CgCc,15075,12,2021,6.96,data cleaning,beginner
Data Cleaning – Complete Beginner Guide – Intermediate,Sentdex,https://www.youtube.com/watch?v=7eh4d6sabA0,151741,8,2024,8.61,data cleaning,intermediate
Mastering Data Cleaning in 2024 – Intermediate,CodeEmporium,https://www.youtube.com/watch?v=_ZvnD73m40o,146944,80,2024,9.51,data cleaning,intermediate
Data Cleaning – Intermediate Concepts – Intermediate,Python Engineer,https://www.youtube.com/watch?v=QgC5lj54TNg,326699,116,2023,9.49,data cleaning,intermediate
Advanced Data Cleaning Techniques – Intermediate,Nicholas Renotte,https://www.youtube.com/watch?v=tRKeLrwfUgU,1421304,49,2019,8.06,data cleaning,intermediate
Data Cleaning – Project Walkthrough – Intermediate,Machine Learning Street Talk,https://www.youtube.com/watch?v=qxpKCBV60U4,128424,28,2018,7.28,data cleaning,intermediate
Data Cleaning – Complete Beginner Guide – Advanced,The AI Epiphany,https://www.youtube.com/watch?v=kOf3QSBV29Y,329451,51,2018,7.31,data cleaning,advanced
Mastering Data Cleaning in 2024 – Advanced,Sentdex,https://www.youtube.com/watch?v=7eh4d6sabA0,302948,157,2023,8.46,data cleaning,advanced
Data Cleaning – Intermediate Concepts – Advanced,Corey Schafer,https://www.youtube.com/watch?v=r-uOLxNrNk8,2037899,104,2025,8.93,data cleaning,advanced
Advanced Data Cleaning Techniques – Advanced,Lex Fridman,https://www.youtube.com/watch?v=bDhvCp3_lYw,939168,145,2018,7.74,data cleaning,advanced
Data Cleaning – Project Walkthrough – Advanced,Two Minute Papers,https://www.youtube.com/watch?v=oT4emh72fuA,2696187,69,2022,7.2,data cleaning,advanced
Sql For Data Science – Complete Beginner Guide,AI Explained,https://www.youtube.com/watch?v=9R3X0JoCLyU,85344,155,2022,9.64,sql for data science,beginner
Mastering Sql For Data Science in 2024,Nicholas Renotte,https://www.youtube.com/watch?v=sVcwVQRHIc8,137728,88,2018,8.31,sql for data science,beginner
Sql For Data Science – Intermediate Concepts,Yannic Kilcher,https://www.youtube.com/watch?v=SY5PvZrJhLE,103857,101,2024,9.13,sql for data science,beginner
Advanced Sql For Data Science Techniques,Andrej Karpathy,https://www.youtube.com/watch?v=wQ0duoTeAAU,148212,42,2023,7.98,sql for data science,beginner
Sql For Data Science – Project Walkthrough,Corey Schafer,https://www.youtube.com/watch?v=pd-0G0MigUA,44868,73,2023,8.45,sql for data science,beginner
Sql For Data Science – Complete Beginner Guide – Intermediate,Yannic Kilcher,https://www.youtube.com/watch?v=SY5PvZrJhLE,894857,165,2022,6.77,sql for data science,intermediate
Mastering Sql For Data Science in 2024 – Intermediate,Corey Schafer,https://www.youtube.com/watch?v=HXV3zeQKqGY,67062,173,2024,7.44,sql for data science,intermediate
Sql For Data Science – Intermediate Concepts – Intermediate,Sentdex,https://www.youtube.com/watch?v=7eh4d6sabA0,31352,129,2018,6.83,sql for data science,intermediate
Advanced Sql For Data Science Techniques – Intermediate,Andrej Karpathy,https://www.youtube.com/watch?v=7IgVGSaQPaw,1016948,146,2022,8.17,sql for data science,intermediate
Sql For Data Science – Project Walkthrough – Intermediate,Tech With Tim,https://www.youtube.com/watch?v=7mz73uXD9DA,150023,86,2023,6.81,sql for data science,intermediate
Sql For Data Science – Complete Beginner Guide – Advanced,Data School,https://www.youtube.com/watch?v=OT1RErkfLNQ,8459,67,2018,7.53,sql for data science,advanced
Mastering Sql For Data Science in 2024 – Advanced,The AI Epiphany,https://www.youtube.com/watch?v=XN2ymraj27g,4622095,144,2022,7.5,sql for data science,advanced
Sql For Data Science – Intermediate Concepts – Advanced,AI Explained,https://www.youtube.com/watch?v=-u-kCJmJHCk,69257,10,2021,8.03,sql for data science,advanced
Advanced Sql For Data Science Techniques – Advanced,Andrej Karpathy,https://www.youtube.com/watch?v=wQ0duoTeAAU,10142,72,2024,7.17,sql for data science,advanced
Sql For Data Science – Project Walkthrough – Advanced,DeepMind,https://www.youtube.com/watch?v=sTiWTx0ifaM,121456,90,2020,7.59,sql for data science,advanced
Big Data – Complete Beginner Guide,Python Engineer,https://www.youtube.com/watch?v=bAyrObl7TYE,78973,38,2024,7.47,big data,beginner
Mastering Big Data in 2024,3Blue1Brown,https://www.youtube.com/watch?v=aircAruvnKk,4468216,67,2023,6.94,big data,beginner
Big Data – Intermediate Concepts,Abhishek Thakur,https://www.youtube.com/watch?v=vA1V8A69e9c,253441,153,2020,8.22,big data,beginner
Advanced Big Data Techniques,Abhishek Thakur,https://www.youtube.com/watch?v=vA1V8A69e9c,97777,101,2021,6.57,big data,beginner
Big Data – Project Walkthrough,Krish Naik,https://www.youtube.com/watch?v=i-5zxJ94NNU,177245,41,2020,9.42,big data,beginner
Big Data – Complete Beginner Guide – Intermediate,Machine Learning Street Talk,https://www.youtube.com/watch?v=7IgVGSaQPaw,120149,114,2023,7.76,big data,intermediate
Mastering Big Data in 2024 – Intermediate,Nicholas Renotte,https://www.youtube.com/watch?v=_xIwjmCH6D4,17175,168,2020,7.37,big data,intermediate
Big Data – Intermediate Concepts – Intermediate,The AI Epiphany,https://www.youtube.com/watch?v=j6kuz_NqkG0,83930,121,2023,9.99,big data,intermediate
Advanced Big Data Techniques – Intermediate,AI Explained,https://www.youtube.com/watch?v=qYNweeDHiyU,1155679,122,2024,9.87,big data,intermediate
Big Data – Project Walkthrough – Intermediate,freeCodeCamp.org,https://www.youtube.com/watch?v=PHsC_t0j1dU,3085802,154,2020,8.5,big data,intermediate
Big Data – Complete Beginner Guide – Advanced,Sentdex,https://www.youtube.com/watch?v=7eh4d6sabA0,6610473,155,2019,7.11,big data,advanced
Mastering Big Data in 2024 – Advanced,Lex Fridman,https://www.youtube.com/watch?v=X7eAwyMvm2c,262897,89,2020,8.34,big data,advanced
Big Data – Intermediate Concepts – Advanced,Andrej Karpathy,https://www.youtube.com/watch?v=7xTGNNLPyMI,210624,29,2024,7.9,big data,advanced
Advanced Big Data Techniques – Advanced,Sentdex,https://www.youtube.com/watch?v=HsP0Tuj4tYo,39848,155,2019,8.9,big data,advanced
Big Data – Project Walkthrough – Advanced,Machine Learning Street Talk,https://www.youtube.com/watch?v=YRJbhFLLPyE,636694,29,2019,7.81,big data,advanced
Cloud Computing – Complete Beginner Guide,AI Explained,https://www.youtube.com/watch?v=M988_fsOSWo,18407,148,2025,9.13,cloud computing,beginner
Mastering Cloud Computing in 2024,freeCodeCamp.org,https://www.youtube.com/watch?v=3hLmDS179YE,10307,176,2023,7.45,cloud computing,beginner
Cloud Computing – Intermediate Concepts,Two Minute Papers,https://www.youtube.com/watch?v=N0SYCyS2xZA,335767,143,2022,6.64,cloud computing,beginner
Advanced Cloud Computing Techniques,Nicholas Renotte,https://www.youtube.com/watch?v=XkCn_VP5gxU,66900,176,2020,9.64,cloud computing,beginner
Cloud Computing – Project Walkthrough,AI Explained,https://www.youtube.com/watch?v=M988_fsOSWo,4292,59,2020,8.53,cloud computing,beginner
Cloud Computing – Complete Beginner Guide – Intermediate,Krish Naik,https://www.youtube.com/watch?v=3OP39y4dO_Y,1577609,171,2022,9.11,cloud computing,intermediate
Mastering Cloud Computing in 2024 – Intermediate,Sentdex,https://www.youtube.com/watch?v=K5KVEU3aaeQ,558679,162,2025,8.26,cloud computing,intermediate
Cloud Computing – Intermediate Concepts – Intermediate,DeepMind,https://www.youtube.com/watch?v=0hk0grjJ3GY,419610,120,2025,9.74,cloud computing,intermediate
Advanced Cloud Computing Techniques – Intermediate,AI Explained,https://www.youtube.com/watch?v=N0SYCyS2xZA,326734,141,2019,9.25,cloud computing,intermediate
Cloud Computing – Project Walkthrough – Intermediate,Data School,https://www.youtube.com/watch?v=M988_fsOSWo,27064,81,2025,9.21,cloud computing,intermediate
Cloud Computing – Complete Beginner Guide – Advanced,AI Explained,https://www.youtube.com/watch?v=M988_fsOSWo,19270,53,2025,8.08,cloud computing,advanced
Mastering Cloud Computing in 2024 – Advanced,Abhishek Thakur,https://www.youtube.com/watch?v=iSOfkw_YyOU,269119,138,2020,8.98,cloud computing,advanced
Cloud Computing – Intermediate Concepts – Advanced,Data School,https://www.youtube.com/watch?v=N0SYCyS2xZA,67202,59,2018,9.64,cloud computing,advanced
Advanced Cloud Computing Techniques – Advanced,Sentdex,https://www.youtube.com/watch?v=6wlzeDaIGtw,1000894,61,2018,8.7,cloud computing,advanced
Cloud Computing – Project Walkthrough – Advanced,Two Minute Papers,https://www.youtube.com/watch?v=N0SYCyS2xZA,742829,160,2020,8.92,cloud computing,advanced
MLOps Full Course – From Experiment to Production,Yannic Kilcher,https://www.youtube.com/watch?v=wTzvKB6D_34,2681,142,2024,7.46,mlops,beginner
Docker for Machine Learning Engineers,Data School,https://www.youtube.com/watch?v=pTFZFxd4hOI,31432,155,2023,7.41,mlops,beginner
CI/CD Pipelines for ML Projects,Abhishek Thakur,https://www.youtube.com/watch?v=hw17NDhjVHo,265139,165,2024,9.47,mlops,beginner
MLflow Experiment Tracking Tutorial,Corey Schafer,https://www.youtube.com/watch?v=6ngxBkx05Fs,81396,22,2022,9.75,mlops,beginner
MLOps Full Course – From Experiment to Production – Intermediate,Corey Schafer,https://www.youtube.com/watch?v=6ngxBkx05Fs,2516488,160,2019,7.86,mlops,intermediate
Docker for Machine Learning Engineers – Intermediate,Data School,https://www.youtube.com/watch?v=pTFZFxd4hOI,27396,59,2019,6.63,mlops,intermediate
Model Monitoring with Evidently AI – Intermediate,Data School,https://www.youtube.com/watch?v=uOG685WFO00,297427,81,2022,7.2,mlops,intermediate
MLflow Experiment Tracking Tutorial – Intermediate,freeCodeCamp.org,https://www.youtube.com/watch?v=o6vbe5G7xNo,2540,70,2020,7.49,mlops,intermediate
MLOps Full Course – From Experiment to Production – Advanced,Machine Learning Street Talk,https://www.youtube.com/watch?v=-dJPoLm_gtE,6096140,122,2023,8.92,mlops,advanced
Docker for Machine Learning Engineers – Advanced,Abhishek Thakur,https://www.youtube.com/watch?v=2ydxPvlrPUA,21943,127,2025,8.76,mlops,advanced
CI/CD Pipelines for ML Projects – Advanced,StatQuest with Josh Starmer,https://www.youtube.com/watch?v=EDb37y_MhRw,101224,97,2020,7.49,mlops,advanced
Model Monitoring with Evidently AI – Advanced,Two Minute Papers,https://www.youtube.com/watch?v=zOvjHcGPOfo,2277846,159,2024,7.69,mlops,advanced
MLflow Experiment Tracking Tutorial – Advanced,Abhishek Thakur,https://www.youtube.com/watch?v=Le-A72NjaWs,83786,86,2024,8.06,mlops,advanced
Explainable Ai – Complete Beginner Guide,StatQuest with Josh Starmer,https://www.youtube.com/watch?v=CqOfi41LfDw,2193483,82,2024,8.09,explainable ai,beginner
Mastering Explainable Ai in 2024,Sentdex,https://www.youtube.com/watch?v=JxgmHe2NyeY,337928,40,2022,8.29,explainable ai,beginner
Explainable Ai – Intermediate Concepts,Corey Schafer,https://www.youtube.com/watch?v=oAkLSJNr5zY,553109,62,2020,8.02,explainable ai,beginner
Advanced Explainable Ai Techniques,Yannic Kilcher,https://www.youtube.com/watch?v=ZfWDVO3rzeA,38237,124,2024,9.32,explainable ai,beginner
Explainable Ai – Project Walkthrough,freeCodeCamp.org,https://www.youtube.com/watch?v=_ZvnD73m40o,82943,17,2025,7.78,explainable ai,beginner
Explainable Ai – Complete Beginner Guide – Intermediate,Machine Learning Street Talk,https://www.youtube.com/watch?v=7IgVGSaQPaw,11196,179,2019,9.1,explainable ai,intermediate
Mastering Explainable Ai in 2024 – Intermediate,Tech With Tim,https://www.youtube.com/watch?v=_ZvnD73m40o,76901,85,2022,9.73,explainable ai,intermediate
Explainable Ai – Intermediate Concepts – Intermediate,freeCodeCamp.org,https://www.youtube.com/watch?v=PcbuKRNtCUc,17778,73,2018,7.46,explainable ai,intermediate
Advanced Explainable Ai Techniques – Intermediate,3Blue1Brown,https://www.youtube.com/watch?v=E0Hmnixke2g,90318,47,2025,7.01,explainable ai,intermediate
Explainable Ai – Project Walkthrough – Intermediate,3Blue1Brown,https://www.youtube.com/watch?v=LPZh9BOjkQs,24420,144,2021,7.55,explainable ai,intermediate
Explainable Ai – Complete Beginner Guide – Advanced,3Blue1Brown,https://www.youtube.com/watch?v=aircAruvnKk,8540,118,2022,7.74,explainable ai,advanced
Mastering Explainable Ai in 2024 – Advanced,Two Minute Papers,https://www.youtube.com/watch?v=m8o2GrbR3d8,85696,97,2021,8.9,explainable ai,advanced
Explainable Ai – Intermediate Concepts – Advanced,Sentdex,https://www.youtube.com/watch?v=QlbyGPVaRSE,663683,173,2020,8.8,explainable ai,advanced
Advanced Explainable Ai Techniques – Advanced,Corey Schafer,https://www.youtube.com/watch?v=oAkLSJNr5zY,3651,23,2024,7.47,explainable ai,advanced
Explainable Ai – Project Walkthrough – Advanced,AI Explained,https://www.youtube.com/watch?v=McviMUYiG9s,529425,121,2022,8.75,explainable ai,advanced
Recommendation Systems – Complete Beginner Guide,Corey Schafer,https://www.youtube.com/watch?v=YYXdXT2l-Gg,4255589,133,2025,8.3,recommendation systems,beginner
Mastering Recommendation Systems in 2024,Tech With Tim,https://www.youtube.com/watch?v=8xUher8-5_Q,71703,173,2019,6.69,recommendation systems,beginner
Recommendation Systems – Intermediate Concepts,Nicholas Renotte,https://www.youtube.com/watch?v=doDUihpj6ro,6469247,29,2025,7.76,recommendation systems,beginner
Advanced Recommendation Systems Techniques,Abhishek Thakur,https://www.youtube.com/watch?v=MVB1cbe923A,70784,111,2019,9.02,recommendation systems,beginner
Recommendation Systems – Project Walkthrough,StatQuest with Josh Starmer,https://www.youtube.com/watch?v=Fmtorg_dmM0,48800,174,2020,6.66,recommendation systems,beginner
Recommendation Systems – Complete Beginner Guide – Intermediate,Machine Learning Street Talk,https://www.youtube.com/watch?v=7IgVGSaQPaw,1208,110,2023,7.99,recommendation systems,intermediate
Mastering Recommendation Systems in 2024 – Intermediate,Two Minute Papers,https://www.youtube.com/watch?v=htZRCE2GgIs,735341,156,2018,8.04,recommendation systems,intermediate
Recommendation Systems – Intermediate Concepts – Intermediate,Data School,https://www.youtube.com/watch?v=BTjxUS_PylA,36587,40,2021,9.2,recommendation systems,intermediate
Advanced Recommendation Systems Techniques – Intermediate,Data School,https://www.youtube.com/watch?v=BTjxUS_PylA,58231,32,2023,8.36,recommendation systems,intermediate
Recommendation Systems – Project Walkthrough – Intermediate,Yannic Kilcher,https://www.youtube.com/watch?v=dPsXxLyqpfs,5615,173,2023,6.65,recommendation systems,intermediate
Recommendation Systems – Complete Beginner Guide – Advanced,Krish Naik,https://www.youtube.com/watch?v=s3KnSb9b4Pk,23730,156,2023,8.06,recommendation systems,advanced
Recommendation Systems – Intermediate Concepts – Advanced,Abhishek Thakur,https://www.youtube.com/watch?v=s9Qh9fWeOAk,137108,83,2020,7.7,recommendation systems,advanced
Advanced Recommendation Systems Techniques – Advanced,Abhishek Thakur,https://www.youtube.com/watch?v=N9lo_UxSkWA,9834,71,2021,9.08,recommendation systems,advanced
Recommendation Systems – Project Walkthrough – Advanced,3Blue1Brown,https://www.youtube.com/watch?v=rbu7Zu5X1zI,106840,33,2025,9.33,recommendation systems,advanced
Graph Neural Networks – Complete Beginner Guide,Two Minute Papers,https://www.youtube.com/watch?v=GXhBEj1ZtE8,22067662,14,2025,9.12,graph neural networks,beginner
Graph Neural Networks – Intermediate Concepts,Tech With Tim,https://www.youtube.com/watch?v=ORMx45xqWkA,44242,151,2021,8.97,graph neural networks,beginner
Advanced Graph Neural Networks Techniques,freeCodeCamp.org,https://www.youtube.com/watch?v=tWVWeAqZ0WU,166242,103,2023,6.69,graph neural networks,beginner
Graph Neural Networks – Project Walkthrough,Sentdex,https://www.youtube.com/watch?v=ORMx45xqWkA,15932,27,2019,7.13,graph neural networks,beginner
Graph Neural Networks – Complete Beginner Guide – Intermediate,Python Engineer,https://www.youtube.com/watch?v=ORMx45xqWkA,94645,24,2018,7.52,graph neural networks,intermediate
Graph Neural Networks – Intermediate Concepts – Intermediate,Two Minute Papers,https://www.youtube.com/watch?v=RkYUNFFkXmI,1182668,68,2019,7.04,graph neural networks,intermediate
Advanced Graph Neural Networks Techniques – Intermediate,Two Minute Papers,https://www.youtube.com/watch?v=4lW2QBwZLrI,185608,135,2020,6.59,graph neural networks,intermediate
Graph Neural Networks – Project Walkthrough – Intermediate,CodeEmporium,https://www.youtube.com/watch?v=aFnHYEv71U4,2833295,121,2023,9.05,graph neural networks,intermediate
Graph Neural Networks – Complete Beginner Guide – Advanced,DeepMind,https://www.youtube.com/watch?v=EGPJF-tqbwE,235157,79,2021,9.77,graph neural networks,advanced
Mastering Graph Neural Networks in 2024 – Advanced,Tech With Tim,https://www.youtube.com/watch?v=aircAruvnKk,47218,106,2023,8.0,graph neural networks,advanced
Graph Neural Networks – Intermediate Concepts – Advanced,Python Engineer,https://www.youtube.com/watch?v=ORMx45xqWkA,620907,161,2019,9.42,graph neural networks,advanced
Advanced Graph Neural Networks Techniques – Advanced,Two Minute Papers,https://www.youtube.com/watch?v=fl-7e8yBUic,315183,43,2021,9.14,graph neural networks,advanced
Graph Neural Networks – Project Walkthrough – Advanced,freeCodeCamp.org,https://www.youtube.com/watch?v=IA3WxTTPXqQ,24161,39,2022,8.73,graph neural networks,advanced
Attention Is All You Need – Paper Explained,freeCodeCamp.org,https://www.youtube.com/watch?v=eMlx5fFNoYc,376306,38,2023,8.93,transformers,beginner
Transformers from Scratch in PyTorch,Tech With Tim,https://www.youtube.com/watch?v=bTMPwUgLZf0,18288,27,2021,8.74,transformers,beginner
Fine-Tuning LLMs on Custom Data,Krish Naik,https://www.youtube.com/watch?v=Vg3dS-NLUT4,195271,43,2022,7.0,transformers,beginner
Vision Transformers (ViT) Explained,The AI Epiphany,https://www.youtube.com/watch?v=j6kuz_NqkG0,10126945,37,2024,8.96,transformers,beginner
Attention Is All You Need – Paper Explained – Intermediate,Python Engineer,https://www.youtube.com/watch?v=iDulhoQ2pro,1285543,38,2022,6.71,transformers,intermediate
Transformers from Scratch in PyTorch – Intermediate,freeCodeCamp.org,https://www.youtube.com/watch?v=p3sij8QzONQ,1725640,136,2021,7.06,transformers,intermediate
Fine-Tuning LLMs on Custom Data – Intermediate,DeepMind,https://www.youtube.com/watch?v=iOdFUJiB0Zc,122102,180,2019,7.15,transformers,intermediate
Vision Transformers (ViT) Explained – Intermediate,Data School,https://www.youtube.com/watch?v=vJF3TBI8esQ,199649,37,2024,7.65,transformers,intermediate
BERT vs GPT vs T5 – What's the Difference? – Intermediate,Yannic Kilcher,https://www.youtube.com/watch?v=SZorAJ4I-sA,1761402,180,2025,6.54,transformers,intermediate
Attention Is All You Need – Paper Explained – Advanced,Tech With Tim,https://www.youtube.com/watch?v=ZXiruGOCn9s,1915114,111,2019,8.58,transformers,advanced
Transformers from Scratch in PyTorch – Advanced,Nicholas Renotte,https://www.youtube.com/watch?v=mozBidd58VQ,17703,133,2025,6.93,transformers,advanced
Fine-Tuning LLMs on Custom Data – Advanced,Machine Learning Street Talk,https://www.youtube.com/watch?v=pxhkDaKzBaY,6677233,59,2022,9.27,transformers,advanced
Vision Transformers (ViT) Explained – Advanced,Corey Schafer,https://www.youtube.com/watch?v=ORMx45xqWkA,1428212,53,2022,6.63,transformers,advanced
BERT vs GPT vs T5 – What's the Difference? – Advanced,AI Explained,https://www.youtube.com/watch?v=SZorAJ4I-sA,1913702,134,2024,7.87,transformers,advanced
Transfer Learning – Complete Beginner Guide,Corey Schafer,https://www.youtube.com/watch?v=V_xro1bcAuA,79495,113,2023,9.97,transfer learning,beginner
Mastering Transfer Learning in 2024,Python Engineer,https://www.youtube.com/watch?v=91Hi3P6SxXU,1737922,128,2018,7.43,transfer learning,beginner
Transfer Learning – Intermediate Concepts,Machine Learning Street Talk,https://www.youtube.com/watch?v=3gyeDlZqWko,9828,27,2021,9.91,transfer learning,beginner
Advanced Transfer Learning Techniques,The AI Epiphany,https://www.youtube.com/watch?v=8pp0Oa3t52s,146184,174,2022,9.28,transfer learning,beginner
Transfer Learning – Project Walkthrough,The AI Epiphany,https://www.youtube.com/watch?v=ynx48f7LhCc,3081532,127,2022,7.25,transfer learning,beginner
Transfer Learning – Complete Beginner Guide – Intermediate,Data School,https://www.youtube.com/watch?v=lgCNTuLBMK4,1205099,24,2021,9.51,transfer learning,intermediate
Mastering Transfer Learning in 2024 – Intermediate,Yannic Kilcher,https://www.youtube.com/watch?v=VrEQBlEVri0,234222,17,2021,8.76,transfer learning,intermediate
Transfer Learning – Intermediate Concepts – Intermediate,Sentdex,https://www.youtube.com/watch?v=_xIwjmCH6D4,65544,112,2023,6.72,transfer learning,intermediate
Advanced Transfer Learning Techniques – Intermediate,The AI Epiphany,https://www.youtube.com/watch?v=qpxTgclVlcc,58461,92,2024,9.32,transfer learning,intermediate
Transfer Learning – Project Walkthrough – Intermediate,Krish Naik,https://www.youtube.com/watch?v=zBOavqh3kWU,54573,79,2020,8.89,transfer learning,intermediate
Transfer Learning – Complete Beginner Guide – Advanced,Lex Fridman,https://www.youtube.com/watch?v=DyPW-994t7w,41052,100,2019,8.74,transfer learning,advanced
Mastering Transfer Learning in 2024 – Advanced,Two Minute Papers,https://www.youtube.com/watch?v=NRmAXDWJVnU,7808769,172,2024,9.58,transfer learning,advanced
Transfer Learning – Intermediate Concepts – Advanced,Two Minute Papers,https://www.youtube.com/watch?v=BTjxUS_PylA,646600,162,2023,7.73,transfer learning,advanced
Advanced Transfer Learning Techniques – Advanced,Two Minute Papers,https://www.youtube.com/watch?v=9wOBkJJ-w2s,8108,174,2020,9.19,transfer learning,advanced
Transfer Learning – Project Walkthrough – Advanced,Python Engineer,https://www.youtube.com/watch?v=e9yMYdnSlUA,76956,154,2021,7.82,transfer learning,advanced
